id,audit_trail,cap_id,role_id,extra_info,created_at,created_by,modified_at,modified_by,deleted_at,deleted_by
1,,53,1,,,,,,,
2,,54,1,,,,,,,
3,,55,1,,,,,,,
4,,56,1,,,,,,,
5,,57,1,,,,,,,
6,,58,1,,,,,,,
7,,59,1,,,,,,,
8,,60,1,,,,,,,
9,,61,1,,,,,,,
10,,62,1,,,,,,,
11,,63,1,,,,,,,
12,,83,51,,,,,,,
13,,84,51,,,,,,,
14,,85,51,,,,,,,
15,,86,51,,,,,,,
16,,87,51,,,,,,,
17,,88,51,,,,,,,
18,,89,51,,,,,,,
19,,90,51,,,,,,,
20,,91,51,,,,,,,
21,,92,51,,,,,,,
22,,93,51,,,,,,,
23,,94,51,,,,,,,
24,,9,2,,,,,,,
25,,10,2,,,,,,,
26,,11,2,,,,,,,
27,,19,2,,,,,,,
28,,20,2,,,,,,,
29,,21,2,,,,,,,
30,,22,2,,,,,,,
31,,23,2,,,,,,,
32,,24,2,,,,,,,
33,,25,2,,,,,,,
34,,36,2,,,,,,,
35,,37,2,,,,,,,
36,,38,2,,,,,,,
37,,39,2,,,,,,,
38,,40,2,,,,,,,
39,,41,2,,,,,,,
40,,42,2,,,,,,,
41,,70,2,,,,,,,
42,,71,2,,,,,,,
43,,72,2,,,,,,,
44,,73,2,,,,,,,
45,,74,2,,,,,,,
46,,75,2,,,,,,,
47,,85,2,,,,,,,
48,,86,2,,,,,,,
49,,87,2,,,,,,,
50,,88,2,,,,,,,
51,,89,2,,,,,,,
52,,95,2,,,,,,,
53,,96,2,,,,,,,
54,,97,2,,,,,,,
55,,98,2,,,,,,,
56,,99,2,,,,,,,
57,,12,3,,,,,,,
58,,13,3,,,,,,,
59,,14,3,,,,,,,
60,,15,3,,,,,,,
61,,26,3,,,,,,,
62,,27,3,,,,,,,
63,,28,3,,,,,,,
64,,29,3,,,,,,,
65,,30,3,,,,,,,
66,,31,3,,,,,,,
67,,32,3,,,,,,,
68,,33,3,,,,,,,
69,,43,3,,,,,,,
70,,44,3,,,,,,,
71,,45,3,,,,,,,
72,,46,3,,,,,,,
73,,47,3,,,,,,,
74,,48,3,,,,,,,
75,,49,3,,,,,,,
76,,50,3,,,,,,,
77,,76,3,,,,,,,
78,,77,3,,,,,,,
79,,78,3,,,,,,,
80,,79,3,,,,,,,
81,,80,3,,,,,,,
82,,81,3,,,,,,,
83,,82,3,,,,,,,
84,,90,3,,,,,,,
85,,91,3,,,,,,,
86,,92,3,,,,,,,
87,,93,3,,,,,,,
88,,94,3,,,,,,,
89,,95,3,,,,,,,
90,,96,3,,,,,,,
91,,97,3,,,,,,,
92,,98,3,,,,,,,
93,,100,3,,,,,,,
94,,101,3,,,,,,,
95,,7,4,,,,,,,
96,,8,4,,,,,,,
97,,17,4,,,,,,,
98,,18,4,,,,,,,
99,,34,4,,,,,,,
100,,35,4,,,,,,,
101,,51,4,,,,,,,
102,,52,4,,,,,,,
103,,68,4,,,,,,,
104,,69,4,,,,,,,
105,,83,4,,,,,,,
106,,84,4,,,,,,,
107,,95,4,,,,,,,
108,,96,4,,,,,,,
109,,97,4,,,,,,,
110,,98,4,,,,,,,
111,,53,5,,,,,,,
112,,54,5,,,,,,,
113,,55,5,,,,,,,
114,,56,5,,,,,,,
115,,57,5,,,,,,,
116,,58,5,,,,,,,
117,,59,5,,,,,,,
118,,60,5,,,,,,,
119,,61,5,,,,,,,
120,,62,5,,,,,,,
121,,63,5,,,,,,,
122,,9,6,,,,,,,
123,,10,6,,,,,,,
124,,11,6,,,,,,,
125,,19,6,,,,,,,
126,,20,6,,,,,,,
127,,21,6,,,,,,,
128,,22,6,,,,,,,
129,,23,6,,,,,,,
130,,24,6,,,,,,,
131,,25,6,,,,,,,
132,,36,6,,,,,,,
133,,37,6,,,,,,,
134,,38,6,,,,,,,
135,,39,6,,,,,,,
136,,40,6,,,,,,,
137,,41,6,,,,,,,
138,,42,6,,,,,,,
139,,12,7,,,,,,,
140,,13,7,,,,,,,
141,,14,7,,,,,,,
142,,15,7,,,,,,,
143,,26,7,,,,,,,
144,,27,7,,,,,,,
145,,28,7,,,,,,,
146,,29,7,,,,,,,
147,,30,7,,,,,,,
148,,31,7,,,,,,,
149,,32,7,,,,,,,
150,,33,7,,,,,,,
151,,43,7,,,,,,,
152,,44,7,,,,,,,
153,,45,7,,,,,,,
154,,46,7,,,,,,,
155,,47,7,,,,,,,
156,,48,7,,,,,,,
157,,49,7,,,,,,,
158,,50,7,,,,,,,
159,,7,8,,,,,,,
160,,8,8,,,,,,,
161,,17,8,,,,,,,
162,,18,8,,,,,,,
163,,34,8,,,,,,,
164,,35,8,,,,,,,
166,,52,8,,,,,,,
167,,68,8,,,,,,,
168,,69,8,,,,,,,
169,,83,8,,,,,,,
170,,84,8,,,,,,,
171,,95,8,,,,,,,
172,,96,8,,,,,,,
173,,97,8,,,,,,,
174,,98,8,,,,,,,
175,,53,9,,,,,,,
176,,54,9,,,,,,,
177,,55,9,,,,,,,
178,,56,9,,,,,,,
179,,57,9,,,,,,,
180,,58,9,,,,,,,
181,,59,9,,,,,,,
182,,60,9,,,,,,,
183,,61,9,,,,,,,
184,,62,9,,,,,,,
185,,63,9,,,,,,,
186,,9,10,,,,,,,
187,,10,10,,,,,,,
188,,11,10,,,,,,,
189,,19,10,,,,,,,
190,,20,10,,,,,,,
191,,21,10,,,,,,,
192,,22,10,,,,,,,
193,,23,10,,,,,,,
194,,24,10,,,,,,,
195,,25,10,,,,,,,
196,,36,10,,,,,,,
197,,37,10,,,,,,,
198,,38,10,,,,,,,
199,,39,10,,,,,,,
200,,40,10,,,,,,,
201,,41,10,,,,,,,
202,,42,10,,,,,,,
203,,12,11,,,,,,,
204,,13,11,,,,,,,
205,,14,11,,,,,,,
206,,15,11,,,,,,,
207,,26,11,,,,,,,
208,,27,11,,,,,,,
209,,28,11,,,,,,,
210,,29,11,,,,,,,
211,,30,11,,,,,,,
212,,31,11,,,,,,,
213,,32,11,,,,,,,
214,,33,11,,,,,,,
215,,43,11,,,,,,,
216,,44,11,,,,,,,
217,,45,11,,,,,,,
218,,46,11,,,,,,,
219,,47,11,,,,,,,
220,,48,11,,,,,,,
221,,49,11,,,,,,,
222,,50,11,,,,,,,
223,,7,12,,,,,,,
224,,8,12,,,,,,,
225,,17,12,,,,,,,
226,,18,12,,,,,,,
227,,34,12,,,,,,,
228,,35,12,,,,,,,
229,,51,12,,,,,,,
230,,52,12,,,,,,,
231,,68,12,,,,,,,
232,,69,12,,,,,,,
233,,83,12,,,,,,,
234,,84,12,,,,,,,
235,,95,12,,,,,,,
236,,96,12,,,,,,,
237,,97,12,,,,,,,
238,,98,12,,,,,,,
239,,53,13,,,,,,,
240,,54,13,,,,,,,
241,,55,13,,,,,,,
242,,56,13,,,,,,,
243,,57,13,,,,,,,
244,,58,13,,,,,,,
245,,59,13,,,,,,,
246,,60,13,,,,,,,
247,,61,13,,,,,,,
248,,62,13,,,,,,,
249,,63,13,,,,,,,
250,,9,14,,,,,,,
251,,10,14,,,,,,,
252,,11,14,,,,,,,
253,,19,14,,,,,,,
254,,20,14,,,,,,,
255,,21,14,,,,,,,
256,,22,14,,,,,,,
257,,23,14,,,,,,,
258,,24,14,,,,,,,
259,,25,14,,,,,,,
260,,36,14,,,,,,,
261,,37,14,,,,,,,
262,,38,14,,,,,,,
263,,39,14,,,,,,,
264,,40,14,,,,,,,
265,,41,14,,,,,,,
266,,42,14,,,,,,,
267,,12,15,,,,,,,
268,,13,15,,,,,,,
269,,14,15,,,,,,,
270,,15,15,,,,,,,
271,,26,15,,,,,,,
272,,27,15,,,,,,,
273,,28,15,,,,,,,
274,,29,15,,,,,,,
275,,30,15,,,,,,,
276,,31,15,,,,,,,
277,,32,15,,,,,,,
278,,33,15,,,,,,,
279,,43,15,,,,,,,
280,,44,15,,,,,,,
281,,45,15,,,,,,,
282,,46,15,,,,,,,
283,,47,15,,,,,,,
284,,48,15,,,,,,,
285,,49,15,,,,,,,
286,,50,15,,,,,,,
287,,7,16,,,,,,,
288,,8,16,,,,,,,
289,,17,16,,,,,,,
290,,18,16,,,,,,,
291,,34,16,,,,,,,
292,,35,16,,,,,,,
293,,51,16,,,,,,,
294,,52,16,,,,,,,
295,,68,16,,,,,,,
296,,69,16,,,,,,,
297,,83,16,,,,,,,
298,,84,16,,,,,,,
299,,95,16,,,,,,,
300,,96,16,,,,,,,
301,,97,16,,,,,,,
302,,98,16,,,,,,,
303,,53,17,,,,,,,
304,,54,17,,,,,,,
305,,55,17,,,,,,,
306,,56,17,,,,,,,
307,,57,17,,,,,,,
308,,58,17,,,,,,,
309,,59,17,,,,,,,
310,,60,17,,,,,,,
311,,61,17,,,,,,,
312,,62,17,,,,,,,
313,,63,17,,,,,,,
314,,9,18,,,,,,,
315,,10,18,,,,,,,
316,,11,18,,,,,,,
317,,19,18,,,,,,,
318,,20,18,,,,,,,
319,,21,18,,,,,,,
320,,22,18,,,,,,,
321,,23,18,,,,,,,
322,,24,18,,,,,,,
323,,25,18,,,,,,,
324,,36,18,,,,,,,
325,,37,18,,,,,,,
326,,38,18,,,,,,,
327,,39,18,,,,,,,
328,,40,18,,,,,,,
329,,41,18,,,,,,,
330,,42,18,,,,,,,
331,,12,7,,,,,,,
332,,13,7,,,,,,,
333,,14,7,,,,,,,
334,,15,19,,,,,,,
335,,26,19,,,,,,,
336,,27,19,,,,,,,
337,,28,19,,,,,,,
338,,29,19,,,,,,,
339,,30,19,,,,,,,
340,,31,19,,,,,,,
341,,32,19,,,,,,,
342,,33,19,,,,,,,
343,,43,19,,,,,,,
344,,44,19,,,,,,,
345,,45,19,,,,,,,
346,,46,19,,,,,,,
347,,47,19,,,,,,,
348,,48,19,,,,,,,
349,,49,19,,,,,,,
350,,50,19,,,,,,,
351,,7,20,,,,,,,
352,,8,20,,,,,,,
353,,17,20,,,,,,,
354,,18,20,,,,,,,
355,,34,20,,,,,,,
356,,35,20,,,,,,,
357,,51,20,,,,,,,
358,,52,20,,,,,,,
359,,68,20,,,,,,,
360,,69,20,,,,,,,
361,,83,20,,,,,,,
362,,84,20,,,,,,,
363,,95,20,,,,,,,
364,,96,20,,,,,,,
365,,97,20,,,,,,,
366,,98,20,,,,,,,
367,,53,21,,,,,,,
368,,54,21,,,,,,,
369,,55,21,,,,,,,
370,,56,21,,,,,,,
371,,57,21,,,,,,,
372,,58,21,,,,,,,
373,,59,21,,,,,,,
374,,60,21,,,,,,,
375,,61,21,,,,,,,
376,,62,21,,,,,,,
377,,63,21,,,,,,,
395,,12,23,,,,,,,
396,,13,23,,,,,,,
397,,14,23,,,,,,,
398,,15,23,,,,,,,
399,,26,23,,,,,,,
400,,27,23,,,,,,,
401,,28,23,,,,,,,
402,,29,23,,,,,,,
403,,30,23,,,,,,,
404,,31,23,,,,,,,
405,,32,23,,,,,,,
406,,33,23,,,,,,,
407,,43,23,,,,,,,
408,,44,23,,,,,,,
409,,45,23,,,,,,,
410,,46,23,,,,,,,
411,,47,23,,,,,,,
412,,48,23,,,,,,,
413,,49,23,,,,,,,
414,,50,23,,,,,,,
415,,7,24,,,,,,,
416,,8,24,,,,,,,
417,,17,24,,,,,,,
418,,18,24,,,,,,,
419,,34,24,,,,,,,
420,,35,24,,,,,,,
421,,51,24,,,,,,,
422,,52,24,,,,,,,
423,,68,24,,,,,,,
424,,69,24,,,,,,,
425,,83,24,,,,,,,
426,,84,24,,,,,,,
427,,95,24,,,,,,,
428,,96,24,,,,,,,
429,,97,24,,,,,,,
430,,98,24,,,,,,,
431,,53,25,,,,,,,
432,,54,25,,,,,,,
433,,55,25,,,,,,,
434,,56,25,,,,,,,
435,,57,25,,,,,,,
436,,58,25,,,,,,,
437,,59,25,,,,,,,
438,,60,25,,,,,,,
439,,61,25,,,,,,,
440,,62,25,,,,,,,
441,,63,25,,,,,,,
442,,9,26,,,,,,,
443,,10,26,,,,,,,
444,,11,26,,,,,,,
445,,19,26,,,,,,,
446,,20,26,,,,,,,
447,,21,26,,,,,,,
448,,22,26,,,,,,,
449,,23,26,,,,,,,
450,,24,26,,,,,,,
451,,25,26,,,,,,,
452,,36,26,,,,,,,
453,,37,26,,,,,,,
454,,38,26,,,,,,,
455,,39,26,,,,,,,
456,,40,26,,,,,,,
457,,41,26,,,,,,,
458,,42,26,,,,,,,
459,,12,27,,,,,,,
460,,13,27,,,,,,,
461,,14,27,,,,,,,
462,,15,27,,,,,,,
463,,26,27,,,,,,,
464,,27,27,,,,,,,
465,,28,27,,,,,,,
466,,29,27,,,,,,,
467,,30,27,,,,,,,
468,,31,27,,,,,,,
469,,32,27,,,,,,,
470,,33,27,,,,,,,
471,,43,27,,,,,,,
472,,44,27,,,,,,,
473,,45,27,,,,,,,
474,,46,27,,,,,,,
475,,47,27,,,,,,,
476,,48,27,,,,,,,
477,,49,27,,,,,,,
478,,50,27,,,,,,,
479,,7,28,,,,,,,
480,,8,28,,,,,,,
481,,17,28,,,,,,,
482,,18,28,,,,,,,
483,,34,28,,,,,,,
484,,35,28,,,,,,,
487,,68,28,,,,,,,
488,,69,28,,,,,,,
491,,95,28,,,,,,,
492,,96,28,,,,,,,
493,,97,28,,,,,,,
494,,98,28,,,,,,,
495,,53,29,,,,,,,
496,,54,29,,,,,,,
497,,55,29,,,,,,,
498,,56,29,,,,,,,
499,,57,29,,,,,,,
500,,58,29,,,,,,,
501,,59,29,,,,,,,
502,,60,29,,,,,,,
503,,61,29,,,,,,,
504,,62,29,,,,,,,
505,,63,29,,,,,,,
506,,9,30,,,,,,,
507,,10,30,,,,,,,
508,,11,30,,,,,,,
509,,19,30,,,,,,,
510,,20,30,,,,,,,
511,,21,30,,,,,,,
512,,22,30,,,,,,,
513,,23,30,,,,,,,
514,,24,30,,,,,,,
515,,25,30,,,,,,,
516,,36,30,,,,,,,
517,,37,30,,,,,,,
518,,38,30,,,,,,,
519,,39,30,,,,,,,
520,,40,30,,,,,,,
521,,41,30,,,,,,,
522,,42,30,,,,,,,
523,,12,31,,,,,,,
524,,13,31,,,,,,,
525,,14,31,,,,,,,
526,,15,31,,,,,,,
527,,26,31,,,,,,,
528,,27,31,,,,,,,
529,,28,31,,,,,,,
530,,29,31,,,,,,,
531,,30,31,,,,,,,
532,,31,31,,,,,,,
533,,32,31,,,,,,,
534,,33,31,,,,,,,
535,,43,31,,,,,,,
536,,44,31,,,,,,,
537,,45,31,,,,,,,
538,,46,31,,,,,,,
539,,47,31,,,,,,,
540,,48,31,,,,,,,
541,,49,31,,,,,,,
542,,50,31,,,,,,,
543,,7,32,,,,,,,
544,,8,32,,,,,,,
545,,17,32,,,,,,,
546,,18,32,,,,,,,
547,,34,32,,,,,,,
548,,35,32,,,,,,,
549,,51,32,,,,,,,
550,,52,32,,,,,,,
551,,68,32,,,,,,,
552,,69,32,,,,,,,
553,,83,32,,,,,,,
554,,84,32,,,,,,,
555,,95,32,,,,,,,
556,,96,32,,,,,,,
557,,97,32,,,,,,,
558,,98,32,,,,,,,
559,,53,33,,,,,,,
560,,54,33,,,,,,,
561,,55,33,,,,,,,
562,,56,33,,,,,,,
563,,57,33,,,,,,,
564,,58,33,,,,,,,
565,,59,33,,,,,,,
566,,60,33,,,,,,,
567,,61,33,,,,,,,
568,,62,33,,,,,,,
569,,63,33,,,,,,,
607,,7,36,,,,,,,
608,,8,36,,,,,,,
609,,17,36,,,,,,,
610,,18,36,,,,,,,
611,,34,36,,,,,,,
612,,35,36,,,,,,,
615,,68,36,,,,,,,
616,,69,36,,,,,,,
617,,83,36,,,,,,,
618,,84,36,,,,,,,
619,,95,36,,,,,,,
620,,96,36,,,,,,,
621,,97,36,,,,,,,
622,,98,36,,,,,,,
623,,53,37,,,,,,,
624,,54,37,,,,,,,
625,,55,37,,,,,,,
626,,56,37,,,,,,,
627,,57,37,,,,,,,
628,,58,37,,,,,,,
629,,59,37,,,,,,,
630,,60,37,,,,,,,
631,,61,37,,,,,,,
632,,62,37,,,,,,,
633,,63,37,,,,,,,
634,,95,38,,,,,,,
635,,96,38,,,,,,,
636,,97,38,,,,,,,
637,,98,38,,,,,,,
638,,99,38,,,,,,,
639,,95,39,,,,,,,
640,,96,39,,,,,,,
641,,97,39,,,,,,,
642,,98,39,,,,,,,
643,,100,39,,,,,,,
644,,101,39,,,,,,,
645,,95,40,,,,,,,
646,,96,40,,,,,,,
647,,97,40,,,,,,,
648,,98,40,,,,,,,
649,,53,41,,,,,,,
650,,54,41,,,,,,,
651,,55,41,,,,,,,
652,,56,41,,,,,,,
653,,57,41,,,,,,,
654,,58,41,,,,,,,
655,,59,41,,,,,,,
656,,60,41,,,,,,,
657,,61,41,,,,,,,
658,,62,41,,,,,,,
659,,63,41,,,,,,,
660,,95,42,,,,,,,
661,,96,42,,,,,,,
662,,97,42,,,,,,,
663,,98,42,,,,,,,
664,,99,42,,,,,,,
665,,95,43,,,,,,,
666,,96,43,,,,,,,
667,,97,43,,,,,,,
668,,98,43,,,,,,,
669,,100,43,,,,,,,
670,,101,43,,,,,,,
671,,95,44,,,,,,,
672,,96,44,,,,,,,
673,,97,44,,,,,,,
674,,98,44,,,,,,,
675,,53,45,,,,,,,
676,,54,45,,,,,,,
677,,55,45,,,,,,,
678,,56,45,,,,,,,
679,,57,45,,,,,,,
680,,58,45,,,,,,,
681,,59,45,,,,,,,
682,,60,45,,,,,,,
683,,61,45,,,,,,,
684,,62,45,,,,,,,
685,,63,45,,,,,,,
686,,95,46,,,,,,,
687,,96,46,,,,,,,
688,,97,46,,,,,,,
689,,98,46,,,,,,,
690,,99,46,,,,,,,
691,,95,47,,,,,,,
692,,96,47,,,,,,,
693,,97,47,,,,,,,
694,,98,47,,,,,,,
695,,100,47,,,,,,,
696,,101,47,,,,,,,
697,,95,48,,,,,,,
698,,96,48,,,,,,,
699,,97,48,,,,,,,
700,,98,48,,,,,,,
701,,1,52,,,,,,,
702,,2,52,,,,,,,
703,,3,52,,,,,,,
704,,4,52,,,,,,,
705,,5,52,,,,,,,
706,,6,52,,,,,,,
707,,7,52,,,,,,,
708,,8,52,,,,,,,
709,,9,52,,,,,,,
710,,10,52,,,,,,,
711,,11,52,,,,,,,
712,,12,52,,,,,,,
713,,13,52,,,,,,,
714,,14,52,,,,,,,
715,,15,52,,,,,,,
716,,16,52,,,,,,,
717,,17,52,,,,,,,
718,,18,52,,,,,,,
719,,19,52,,,,,,,
720,,20,52,,,,,,,
721,,21,52,,,,,,,
722,,22,52,,,,,,,
723,,23,52,,,,,,,
724,,24,52,,,,,,,
725,,25,52,,,,,,,
726,,26,52,,,,,,,
727,,27,52,,,,,,,
728,,28,52,,,,,,,
729,,29,52,,,,,,,
730,,30,52,,,,,,,
731,,31,52,,,,,,,
732,,32,52,,,,,,,
733,,33,52,,,,,,,
734,,34,52,,,,,,,
735,,35,52,,,,,,,
736,,36,52,,,,,,,
737,,37,52,,,,,,,
738,,38,52,,,,,,,
739,,39,52,,,,,,,
740,,40,52,,,,,,,
741,,41,52,,,,,,,
742,,42,52,,,,,,,
743,,43,52,,,,,,,
744,,44,52,,,,,,,
745,,45,52,,,,,,,
746,,46,52,,,,,,,
747,,47,52,,,,,,,
748,,48,52,,,,,,,
749,,49,52,,,,,,,
750,,50,52,,,,,,,
751,,51,52,,,,,,,
752,,52,52,,,,,,,
753,,53,52,,,,,,,
754,,54,52,,,,,,,
755,,55,52,,,,,,,
756,,56,52,,,,,,,
757,,57,52,,,,,,,
758,,58,52,,,,,,,
759,,59,52,,,,,,,
760,,60,52,,,,,,,
761,,61,52,,,,,,,
762,,62,52,,,,,,,
763,,63,52,,,,,,,
764,,64,52,,,,,,,
765,,65,52,,,,,,,
766,,66,52,,,,,,,
767,,67,52,,,,,,,
768,,68,52,,,,,,,
769,,69,52,,,,,,,
770,,70,52,,,,,,,
771,,71,52,,,,,,,
772,,72,52,,,,,,,
773,,73,52,,,,,,,
774,,74,52,,,,,,,
775,,75,52,,,,,,,
776,,76,52,,,,,,,
777,,77,52,,,,,,,
778,,78,52,,,,,,,
779,,79,52,,,,,,,
780,,80,52,,,,,,,
781,,81,52,,,,,,,
782,,82,52,,,,,,,
783,,83,52,,,,,,,
784,,84,52,,,,,,,
785,,85,52,,,,,,,
786,,86,52,,,,,,,
787,,87,52,,,,,,,
788,,88,52,,,,,,,
789,,89,52,,,,,,,
790,,90,52,,,,,,,
791,,91,52,,,,,,,
792,,92,52,,,,,,,
793,,93,52,,,,,,,
794,,94,52,,,,,,,
795,,95,52,,,,,,,
796,,96,52,,,,,,,
797,,97,52,,,,,,,
798,,98,52,,,,,,,
799,,99,52,,,,,,,
800,,100,52,,,,,,,
801,,101,52,,,,,,,
802,,102,52,,,,,,,
803,,103,52,,,,,,,
804,,104,52,,,,,,,
805,,105,52,,,,,,,
806,,106,52,,,,,,,
807,,107,52,,,,,,,
808,,108,52,,,,,,,
809,,53,51,,,,,,,
810,,54,51,,,,,,,
811,,55,51,,,,,,,
812,,56,51,,,,,,,
813,,57,51,,,,,,,
814,,58,51,,,,,,,
815,,59,51,,,,,,,
816,,60,51,,,,,,,
817,,61,51,,,,,,,
818,,62,51,,,,,,,
819,,63,51,,,,,,,
820,,83,51,,,,,,,
821,,84,51,,,,,,,
822,,85,51,,,,,,,
823,,86,51,,,,,,,
824,,87,51,,,,,,,
825,,88,51,,,,,,,
826,,89,51,,,,,,,
827,,90,51,,,,,,,
828,,91,51,,,,,,,
829,,92,51,,,,,,,
830,,93,51,,,,,,,
831,,94,51,,,,,,,
832,,107,51,,,,,,,
833,,108,51,,,,,,,
834,,103,49,,,,,,,
835,,104,49,,,,,,,
836,,105,49,,,,,,,
837,,106,49,,,,,,,
838,,107,49,,,,,,,
839,,108,49,,,,,,,
840,,1,49,,,,,,,
841,,2,49,,,,,,,
842,,3,49,,,,,,,
843,,4,49,,,,,,,
844,,5,49,,,,,,,
845,,6,49,,,,,,,
846,,103,49,,,,,,,
847,,104,49,,,,,,,
848,,105,49,,,,,,,
849,,106,49,,,,,,,
850,,107,49,,,,,,,
851,,108,49,,,,,,,
852,,1,49,,,,,,,
853,,2,49,,,,,,,
854,,3,49,,,,,,,
855,,4,49,,,,,,,
856,,5,49,,,,,,,
857,,6,49,,,,,,,
949,,66,53,,,,,,,
950,,67,53,,,,,,,
966,,83,53,,,,,,,
967,,84,53,,,,,,,
968,,85,53,,,,,,,
969,,86,53,,,,,,,
970,,87,53,,,,,,,
971,,88,53,,,,,,,
972,,89,53,,,,,,,
973,,90,53,,,,,,,
974,,91,53,,,,,,,
975,,92,53,,,,,,,
976,,93,53,,,,,,,
977,,94,53,,,,,,,
978,,34,53,,,,,,,
979,,35,53,,,,,,,
980,,36,53,,,,,,,
981,,37,53,,,,,,,
982,,38,53,,,,,,,
983,,39,53,,,,,,,
984,,40,53,,,,,,,
985,,41,53,,,,,,,
986,,42,53,,,,,,,
987,,43,53,,,,,,,
988,,44,53,,,,,,,
989,,45,53,,,,,,,
990,,46,53,,,,,,,
991,,47,53,,,,,,,
992,,48,53,,,,,,,
993,,49,53,,,,,,,
994,,50,53,,,,,,,
995,,64,53,,,,,,,
996,,65,53,,,,,,,
997,,17,53,,,,,,,
998,,18,53,,,,,,,
999,,19,53,,,,,,,
1000,,20,53,,,,,,,
1001,,21,53,,,,,,,
1002,,22,53,,,,,,,
1003,,23,53,,,,,,,
1004,,24,53,,,,,,,
1005,,25,53,,,,,,,
1006,,26,53,,,,,,,
1007,,27,53,,,,,,,
1008,,28,53,,,,,,,
1009,,29,53,,,,,,,
1010,,30,53,,,,,,,
1011,,31,53,,,,,,,
1012,,32,53,,,,,,,
1013,,33,53,,,,,,,
1014,,68,53,,,,,,,
1015,,69,53,,,,,,,
1016,,70,53,,,,,,,
1017,,71,53,,,,,,,
1018,,72,53,,,,,,,
1019,,73,53,,,,,,,
1020,,74,53,,,,,,,
1021,,75,53,,,,,,,
1022,,76,53,,,,,,,
1023,,77,53,,,,,,,
1024,,78,53,,,,,,,
1025,,79,53,,,,,,,
1026,,80,53,,,,,,,
1027,,81,53,,,,,,,
1028,,82,53,,,,,,,
1029,,103,53,,,,,,,
1030,,104,53,,,,,,,
1031,,105,53,,,,,,,
1032,,106,53,,,,,,,
1033,,95,53,,,,,,,
1034,,96,53,,,,,,,
1035,,97,53,,,,,,,
1036,,98,53,,,,,,,
1037,,99,53,,,,,,,
1038,,100,53,,,,,,,
1039,,101,53,,,,,,,
1040,,102,53,,,,,,,
1041,,1,53,,,,,,,
1042,,2,53,,,,,,,
1043,,3,53,,,,,,,
1044,,4,53,,,,,,,
1045,,5,53,,,,,,,
1046,,6,53,,,,,,,
1047,,7,53,,,,,,,
1048,,8,53,,,,,,,
1049,,9,53,,,,,,,
1050,,10,53,,,,,,,
1051,,11,53,,,,,,,
1052,,12,53,,,,,,,
1053,,13,53,,,,,,,
1054,,14,53,,,,,,,
1055,,15,53,,,,,,,
1056,,16,53,,,,,,,
1057,,51,53,,,,,,,
1058,,52,53,,,,,,,
1059,,53,53,,,,,,,
1060,,54,53,,,,,,,
1061,,55,53,,,,,,,
1062,,56,53,,,,,,,
1063,,57,53,,,,,,,
1064,,58,53,,,,,,,
1065,,59,53,,,,,,,
1066,,60,53,,,,,,,
1067,,61,53,,,,,,,
1068,,62,53,,,,,,,
1069,,63,53,,,,,,,
1070,,107,53,,,,,,,
1071,,108,53,,,,,,,
1072,,68,54,,,,,,,
1073,,69,54,,,,,,,
1074,,70,54,,,,,,,
1075,,71,54,,,,,,,
1076,,72,54,,,,,,,
1077,,73,54,,,,,,,
1078,,74,54,,,,,,,
1079,,75,54,,,,,,,
1080,,76,54,,,,,,,
1081,,77,54,,,,,,,
1082,,78,54,,,,,,,
1083,,79,54,,,,,,,
1084,,80,54,,,,,,,
1085,,81,54,,,,,,,
1086,,82,54,,,,,,,
1087,,83,55,,,,,,,
1088,,84,55,,,,,,,
1089,,85,55,,,,,,,
1090,,86,55,,,,,,,
1091,,87,55,,,,,,,
1092,,88,55,,,,,,,
1093,,89,55,,,,,,,
1094,,90,55,,,,,,,
1095,,91,55,,,,,,,
1096,,92,55,,,,,,,
1097,,93,55,,,,,,,
1098,,94,55,,,,,,,
1099,,34,55,,,,,,,
1100,,35,55,,,,,,,
1101,,36,55,,,,,,,
1102,,37,55,,,,,,,
1103,,38,55,,,,,,,
1104,,39,55,,,,,,,
1105,,40,55,,,,,,,
1106,,41,55,,,,,,,
1107,,42,55,,,,,,,
1108,,43,55,,,,,,,
1109,,44,55,,,,,,,
1110,,45,55,,,,,,,
1111,,46,55,,,,,,,
1112,,47,55,,,,,,,
1113,,48,55,,,,,,,
1114,,49,55,,,,,,,
1115,,50,55,,,,,,,
1116,,64,55,,,,,,,
1117,,65,55,,,,,,,
1118,,17,55,,,,,,,
1119,,18,55,,,,,,,
1120,,19,55,,,,,,,
1121,,20,55,,,,,,,
1122,,21,55,,,,,,,
1123,,22,55,,,,,,,
1124,,23,55,,,,,,,
1125,,24,55,,,,,,,
1126,,25,55,,,,,,,
1127,,26,55,,,,,,,
1128,,27,55,,,,,,,
1129,,28,55,,,,,,,
1130,,29,55,,,,,,,
1131,,30,55,,,,,,,
1132,,31,55,,,,,,,
1133,,32,55,,,,,,,
1134,,33,55,,,,,,,
1135,,68,55,,,,,,,
1136,,69,55,,,,,,,
1137,,70,55,,,,,,,
1138,,71,55,,,,,,,
1139,,72,55,,,,,,,
1140,,73,55,,,,,,,
1141,,74,55,,,,,,,
1142,,75,55,,,,,,,
1143,,76,55,,,,,,,
1144,,77,55,,,,,,,
1145,,78,55,,,,,,,
1146,,79,55,,,,,,,
1147,,80,55,,,,,,,
1148,,81,55,,,,,,,
1149,,82,55,,,,,,,
1150,,103,55,,,,,,,
1151,,104,55,,,,,,,
1152,,105,55,,,,,,,
1153,,106,55,,,,,,,
1154,,95,55,,,,,,,
1155,,96,55,,,,,,,
1156,,97,55,,,,,,,
1157,,98,55,,,,,,,
1158,,99,55,,,,,,,
1159,,100,55,,,,,,,
1160,,101,55,,,,,,,
1161,,102,55,,,,,,,
1162,,1,55,,,,,,,
1163,,2,55,,,,,,,
1164,,3,55,,,,,,,
1165,,4,55,,,,,,,
1166,,5,55,,,,,,,
1167,,6,55,,,,,,,
1168,,7,55,,,,,,,
1169,,8,55,,,,,,,
1170,,9,55,,,,,,,
1171,,10,55,,,,,,,
1172,,11,55,,,,,,,
1173,,12,55,,,,,,,
1174,,13,55,,,,,,,
1175,,14,55,,,,,,,
1176,,15,55,,,,,,,
1177,,16,55,,,,,,,
1178,,66,55,,,,,,,
1179,,67,55,,,,,,,
1180,,51,55,,,,,,,
1181,,52,55,,,,,,,
1182,,53,55,,,,,,,
1183,,54,55,,,,,,,
1184,,55,55,,,,,,,
1185,,56,55,,,,,,,
1186,,57,55,,,,,,,
1187,,58,55,,,,,,,
1188,,59,55,,,,,,,
1189,,60,55,,,,,,,
1190,,61,55,,,,,,,
1191,,62,55,,,,,,,
1192,,63,55,,,,,,,
1193,,107,55,,,,,,,
1194,,108,55,,,,,,,
1423,,109,1,,,,,,,
1424,,110,1,,,,,,,
1425,,111,1,,,,,,,
1426,,112,1,,,,,,,
1427,,113,1,,,,,,,
1428,,114,1,,,,,,,
1429,,115,1,,,,,,,
1430,,116,1,,,,,,,
1431,,117,1,,,,,,,
1432,,118,1,,,,,,,
1433,,119,1,,,,,,,
1434,,120,1,,,,,,,
1435,,121,1,,,,,,,
1436,,122,1,,,,,,,
1437,,123,1,,,,,,,
1438,,124,1,,,,,,,
1439,,125,1,,,,,,,
1440,,126,1,,,,,,,
1441,,127,1,,,,,,,
1442,,127,1,,,,,,,
1443,,128,1,,,,,,,
1444,,129,1,,,,,,,
1445,,130,1,,,,,,,
1446,,131,1,,,,,,,
1447,,132,1,,,,,,,
1448,,133,1,,,,,,,
1449,,134,1,,,,,,,
1450,,135,1,,,,,,,
1451,,109,52,,,,,,,
1452,,110,52,,,,,,,
1453,,111,52,,,,,,,
1454,,112,52,,,,,,,
1455,,113,52,,,,,,,
1456,,114,52,,,,,,,
1457,,115,52,,,,,,,
1458,,116,52,,,,,,,
1459,,117,52,,,,,,,
1460,,118,52,,,,,,,
1461,,119,52,,,,,,,
1462,,120,52,,,,,,,
1463,,121,52,,,,,,,
1464,,122,52,,,,,,,
1465,,123,52,,,,,,,
1466,,124,52,,,,,,,
1467,,125,52,,,,,,,
1468,,126,52,,,,,,,
1469,,127,52,,,,,,,
1470,,127,52,,,,,,,
1471,,128,52,,,,,,,
1472,,129,52,,,,,,,
1473,,130,52,,,,,,,
1474,,131,52,,,,,,,
1475,,132,52,,,,,,,
1476,,133,52,,,,,,,
1477,,134,52,,,,,,,
1478,,135,52,,,,,,,
1479,,136,52,,,,,,,
1480,,137,52,,,,,,,
1481,,138,52,,,,,,,
1482,,139,52,,,,,,,
1483,,140,52,,,,,,,
1484,,141,52,,,,,,,
1485,,135,56,,,,,,,
1486,,1,56,,,,,,,
1487,,2,56,,,,,,,
1488,,3,56,,,,,,,
1490,,135,57,,,,,,,
1491,,1,57,,,,,,,
1492,,2,57,,,,,,,
1493,,3,57,,,,,,,
1496,,135,58,,,,,,,
1497,,1,58,,,,,,,
1498,,2,58,,,,,,,
1499,,3,58,,,,,,,
1501,,135,59,,,,,,,
1502,,1,59,,,,,,,
1503,,2,59,,,,,,,
1504,,3,59,,,,,,,
1507,,135,60,,,,,,,
1508,,1,60,,,,,,,
1509,,2,60,,,,,,,
1510,,3,60,,,,,,,
1512,,135,61,,,,,,,
1513,,1,61,,,,,,,
1514,,2,61,,,,,,,
1515,,3,61,,,,,,,
1518,,135,62,,,,,,,
1519,,1,62,,,,,,,
1520,,2,62,,,,,,,
1521,,3,62,,,,,,,
1523,,135,63,,,,,,,
1524,,1,63,,,,,,,
1525,,2,63,,,,,,,
1526,,3,63,,,,,,,
1529,,135,22,,,,,,,
1530,,1,22,,,,,,,
1531,,2,22,,,,,,,
1532,,3,22,,,,,,,
1533,,4,22,,,,,,,
1534,,135,34,,,,,,,
1535,,1,34,,,,,,,
1536,,2,34,,,,,,,
1537,,3,34,,,,,,,
1538,,4,34,,,,,,,
1539,,135,35,,,,,,,
1540,,1,35,,,,,,,
1541,,2,35,,,,,,,
1542,,3,35,,,,,,,
1543,,5,35,,,,,,,
1544,,6,35,,,,,,,
1545,,135,64,,,,,,,
1546,,1,64,,,,,,,
1547,,2,64,,,,,,,
1548,,3,64,,,,,,,
1549,,4,64,,,,,,,
1550,,135,65,,,,,,,
1551,,1,65,,,,,,,
1552,,2,65,,,,,,,
1553,,3,65,,,,,,,
1554,,5,65,,,,,,,
1555,,6,65,,,,,,,
1556,,135,66,,,,,,,
1557,,1,66,,,,,,,
1558,,2,66,,,,,,,
1559,,3,66,,,,,,,
1560,,4,66,,,,,,,
1561,,135,67,,,,,,,
1562,,1,67,,,,,,,
1563,,2,67,,,,,,,
1564,,3,67,,,,,,,
1565,,5,67,,,,,,,
1566,,6,67,,,,,,,
1567,,135,68,,,,,,,
1568,,1,68,,,,,,,
1569,,2,68,,,,,,,
1570,,3,68,,,,,,,
1572,,135,69,,,,,,,
1573,,1,69,,,,,,,
1574,,2,69,,,,,,,
1575,,3,69,,,,,,,
1578,,135,70,,,,,,,
1579,,1,70,,,,,,,
1580,,2,70,,,,,,,
1581,,3,70,,,,,,,
1582,,4,70,,,,,,,
1583,,135,71,,,,,,,
1584,,1,71,,,,,,,
1585,,2,71,,,,,,,
1586,,3,71,,,,,,,
1587,,5,71,,,,,,,
1588,,6,71,,,,,,,
1589,,1,72,,,,,,,
1590,,2,72,,,,,,,
1591,,3,72,,,,,,,
1592,,4,72,,,,,,,
1594,,135,73,,,,,,,
1595,,1,73,,,,,,,
1596,,2,73,,,,,,,
1597,,3,73,,,,,,,
1598,,5,73,,,,,,,
1599,,6,73,,,,,,,
1600,,135,74,,,,,,,
1601,,1,74,,,,,,,
1602,,2,74,,,,,,,
1603,,3,74,,,,,,,
1605,,135,75,,,,,,,
1606,,1,75,,,,,,,
1607,,2,75,,,,,,,
1608,,3,75,,,,,,,
1612,,102,74,,,,,,,
1613,,7,74,,,,,,,
1614,,8,74,,,,,,,
1615,,9,74,,,,,,,
1616,,10,74,,,,,,,
1617,,102,75,,,,,,,
1618,,7,75,,,,,,,
1619,,8,75,,,,,,,
1622,,137,75,,,,,,,
1623,,136,74,,,,,,,
1624,,7,70,,,,,,,
1625,,8,70,,,,,,,
1626,,9,70,,,,,,,
1627,,10,70,,,,,,,
1628,,11,70,,,,,,,
1630,,136,70,,,,,,,
1631,,7,71,,,,,,,
1632,,8,71,,,,,,,
1633,,12,71,,,,,,,
1634,,13,71,,,,,,,
1635,,14,71,,,,,,,
1636,,15,71,,,,,,,
1638,,137,71,,,,,,,
1639,,12,75,,,,,,,
1640,,13,75,,,,,,,
1641,,7,72,,,,,,,
1642,,8,72,,,,,,,
1643,,9,72,,,,,,,
1644,,10,72,,,,,,,
1645,,11,72,,,,,,,
1647,,136,72,,,,,,,
1648,,7,73,,,,,,,
1649,,8,73,,,,,,,
1650,,12,73,,,,,,,
1651,,13,73,,,,,,,
1652,,14,73,,,,,,,
1653,,15,73,,,,,,,
1655,,137,73,,,,,,,
1656,,7,68,,,,,,,
1657,,8,68,,,,,,,
1658,,9,68,,,,,,,
1659,,10,68,,,,,,,
1660,,136,68,,,,,,,
1661,,7,69,,,,,,,
1662,,8,69,,,,,,,
1663,,12,69,,,,,,,
1664,,13,69,,,,,,,
1665,,137,69,,,,,,,
1666,,7,66,,,,,,,
1667,,8,66,,,,,,,
1668,,9,66,,,,,,,
1669,,10,66,,,,,,,
1670,,11,66,,,,,,,
1672,,136,66,,,,,,,
1673,,7,67,,,,,,,
1674,,8,67,,,,,,,
1675,,12,67,,,,,,,
1676,,13,67,,,,,,,
1677,,14,67,,,,,,,
1678,,15,67,,,,,,,
1680,,137,67,,,,,,,
1681,,7,64,,,,,,,
1682,,8,64,,,,,,,
1683,,9,64,,,,,,,
1684,,10,64,,,,,,,
1685,,11,64,,,,,,,
1687,,136,64,,,,,,,
1688,,7,65,,,,,,,
1689,,8,65,,,,,,,
1690,,12,65,,,,,,,
1691,,13,65,,,,,,,
1692,,14,65,,,,,,,
1693,,15,65,,,,,,,
1695,,137,65,,,,,,,
1696,,7,62,,,,,,,
1697,,8,62,,,,,,,
1698,,9,62,,,,,,,
1699,,10,62,,,,,,,
1700,,136,62,,,,,,,
1701,,7,63,,,,,,,
1702,,8,63,,,,,,,
1703,,12,63,,,,,,,
1704,,13,63,,,,,,,
1705,,137,63,,,,,,,
1706,,7,60,,,,,,,
1707,,8,60,,,,,,,
1708,,9,60,,,,,,,
1709,,10,60,,,,,,,
1710,,136,60,,,,,,,
1711,,7,61,,,,,,,
1712,,8,61,,,,,,,
1713,,12,61,,,,,,,
1714,,13,61,,,,,,,
1715,,137,61,,,,,,,
1716,,7,58,,,,,,,
1717,,8,58,,,,,,,
1718,,9,58,,,,,,,
1719,,10,58,,,,,,,
1720,,136,58,,,,,,,
1721,,7,59,,,,,,,
1722,,8,59,,,,,,,
1723,,12,59,,,,,,,
1724,,13,59,,,,,,,
1725,,137,59,,,,,,,
1726,,7,56,,,,,,,
1727,,8,56,,,,,,,
1728,,9,56,,,,,,,
1729,,10,56,,,,,,,
1730,,136,56,,,,,,,
1731,,7,57,,,,,,,
1732,,8,57,,,,,,,
1733,,12,57,,,,,,,
1734,,13,57,,,,,,,
1735,,137,57,,,,,,,
1736,,17,76,,,,,,,
1737,,18,76,,,,,,,
1738,,19,76,,,,,,,
1739,,20,76,,,,,,,
1740,,21,76,,,,,,,
1741,,22,76,,,,,,,
1742,,23,76,,,,,,,
1743,,24,76,,,,,,,
1744,,25,76,,,,,,,
1745,,17,77,,,,,,,
1746,,18,77,,,,,,,
1747,,26,77,,,,,,,
1748,,27,77,,,,,,,
1749,,28,77,,,,,,,
1750,,29,77,,,,,,,
1751,,30,77,,,,,,,
1752,,31,77,,,,,,,
1753,,32,77,,,,,,,
1754,,33,77,,,,,,,
1755,,139,77,,,,,,,
1756,,138,76,,,,,,,
1757,,19,78,,,,,,,
1758,,20,78,,,,,,,
1759,,26,79,,,,,,,
1760,,27,79,,,,,,,
1761,,30,79,,,,,,,
1762,,31,79,,,,,,,
1778,,51,81,,,,,,,
1779,,52,81,,,,,,,
1780,,53,81,,,,,,,
1781,,54,81,,,,,,,
1782,,55,81,,,,,,,
1783,,56,81,,,,,,,
1784,,57,81,,,,,,,
1785,,58,81,,,,,,,
1786,,59,81,,,,,,,
1787,,60,81,,,,,,,
1788,,61,81,,,,,,,
1789,,62,81,,,,,,,
1790,,63,81,,,,,,,
1791,,107,81,,,,,,,
1792,,108,81,,,,,,,
1793,,109,81,,,,,,,
1794,,110,81,,,,,,,
1795,,111,81,,,,,,,
1796,,112,81,,,,,,,
1797,,113,81,,,,,,,
1798,,114,81,,,,,,,
1799,,115,81,,,,,,,
1800,,116,81,,,,,,,
1801,,117,81,,,,,,,
1802,,118,81,,,,,,,
1803,,119,81,,,,,,,
1804,,120,81,,,,,,,
1805,,121,81,,,,,,,
1806,,122,81,,,,,,,
1807,,123,81,,,,,,,
1808,,124,81,,,,,,,
1809,,125,81,,,,,,,
1810,,126,81,,,,,,,
1811,,127,81,,,,,,,
1812,,128,81,,,,,,,
1813,,129,81,,,,,,,
1814,,130,81,,,,,,,
1815,,131,81,,,,,,,
1816,,132,81,,,,,,,
1817,,133,81,,,,,,,
1818,,134,81,,,,,,,
1819,,83,81,,,,,,,
1820,,84,81,,,,,,,
1821,,85,81,,,,,,,
1822,,86,81,,,,,,,
1823,,87,81,,,,,,,
1824,,88,81,,,,,,,
1825,,89,81,,,,,,,
1826,,90,81,,,,,,,
1827,,91,81,,,,,,,
1828,,92,81,,,,,,,
1829,,93,81,,,,,,,
1830,,94,81,,,,,,,
1831,,51,51,,,,,,,
1832,,52,51,,,,,,,
1833,,109,51,,,,,,,
1834,,110,51,,,,,,,
1835,,111,51,,,,,,,
1836,,112,51,,,,,,,
1837,,113,51,,,,,,,
1838,,114,51,,,,,,,
1839,,115,51,,,,,,,
1840,,116,51,,,,,,,
1841,,117,51,,,,,,,
1842,,118,51,,,,,,,
1843,,119,51,,,,,,,
1844,,120,51,,,,,,,
1845,,121,51,,,,,,,
1846,,122,51,,,,,,,
1847,,123,51,,,,,,,
1848,,124,51,,,,,,,
1849,,125,51,,,,,,,
1850,,126,51,,,,,,,
1851,,127,51,,,,,,,
1852,,128,51,,,,,,,
1853,,129,51,,,,,,,
1854,,130,51,,,,,,,
1855,,131,51,,,,,,,
1856,,132,51,,,,,,,
1857,,133,51,,,,,,,
1858,,134,51,,,,,,,
1859,,135,51,,,,,,,
1860,,1,82,,,,,,,
1861,,2,82,,,,,,,
1862,,3,82,,,,,,,
1863,,4,82,,,,,,,
1864,,7,82,,,,,,,
1865,,8,82,,,,,,,
1866,,9,82,,,,,,,
1867,,10,82,,,,,,,
1868,,11,82,,,,,,,
1869,,16,82,,,,,,,
1870,,17,82,,,,,,,
1871,,18,82,,,,,,,
1872,,19,82,,,,,,,
1873,,20,82,,,,,,,
1874,,21,82,,,,,,,
1875,,22,82,,,,,,,
1876,,23,82,,,,,,,
1877,,24,82,,,,,,,
1878,,25,82,,,,,,,
1879,,34,82,,,,,,,
1880,,35,82,,,,,,,
1881,,36,82,,,,,,,
1882,,37,82,,,,,,,
1883,,38,82,,,,,,,
1884,,39,82,,,,,,,
1885,,40,82,,,,,,,
1886,,41,82,,,,,,,
1887,,42,82,,,,,,,
1888,,64,82,,,,,,,
1889,,65,82,,,,,,,
1890,,66,82,,,,,,,
1891,,67,82,,,,,,,
1892,,135,82,,,,,,,
1893,,136,82,,,,,,,
1894,,138,82,,,,,,,
1895,,140,82,,,,,,,
1896,,51,83,,,,,,,
1897,,52,83,,,,,,,
1898,,53,83,,,,,,,
1899,,54,83,,,,,,,
1900,,55,83,,,,,,,
1901,,56,83,,,,,,,
1902,,57,83,,,,,,,
1903,,58,83,,,,,,,
1904,,59,83,,,,,,,
1905,,60,83,,,,,,,
1906,,61,83,,,,,,,
1907,,62,83,,,,,,,
1908,,63,83,,,,,,,
1909,,109,83,,,,,,,
1910,,110,83,,,,,,,
1911,,111,83,,,,,,,
1912,,112,83,,,,,,,
1913,,113,83,,,,,,,
1914,,114,83,,,,,,,
1915,,115,83,,,,,,,
1916,,116,83,,,,,,,
1917,,117,83,,,,,,,
1918,,118,83,,,,,,,
1919,,119,83,,,,,,,
1920,,120,83,,,,,,,
1921,,121,83,,,,,,,
1922,,122,83,,,,,,,
1923,,123,83,,,,,,,
1924,,124,83,,,,,,,
1925,,125,83,,,,,,,
1926,,126,83,,,,,,,
1927,,127,83,,,,,,,
1928,,128,83,,,,,,,
1929,,129,83,,,,,,,
1930,,130,83,,,,,,,
1931,,131,83,,,,,,,
1932,,132,83,,,,,,,
1933,,133,83,,,,,,,
1934,,134,83,,,,,,,
1935,,135,83,,,,,,,
1936,,1,84,,,,,,,
1937,,2,84,,,,,,,
1938,,3,84,,,,,,,
1939,,5,84,,,,,,,
1940,,6,84,,,,,,,
1941,,7,84,,,,,,,
1942,,8,84,,,,,,,
1943,,12,84,,,,,,,
1944,,13,84,,,,,,,
1945,,14,84,,,,,,,
1946,,15,84,,,,,,,
1947,,16,84,,,,,,,
1952,,28,84,,,,,,,
1953,,29,84,,,,,,,
1954,,30,84,,,,,,,
1955,,31,84,,,,,,,
1956,,32,84,,,,,,,
1957,,33,84,,,,,,,
1958,,34,84,,,,,,,
1959,,35,84,,,,,,,
1960,,43,84,,,,,,,
1961,,44,84,,,,,,,
1962,,45,84,,,,,,,
1963,,46,84,,,,,,,
1964,,47,84,,,,,,,
1965,,48,84,,,,,,,
1966,,49,84,,,,,,,
1967,,50,84,,,,,,,
1968,,64,84,,,,,,,
1969,,65,84,,,,,,,
1970,,66,84,,,,,,,
1971,,67,84,,,,,,,
1972,,135,84,,,,,,,
1973,,137,84,,,,,,,
1974,,139,84,,,,,,,
1975,,141,84,,,,,,,
1976,,51,85,,,,,,,
1977,,52,85,,,,,,,
1978,,53,85,,,,,,,
1979,,54,85,,,,,,,
1980,,55,85,,,,,,,
1981,,56,85,,,,,,,
1982,,57,85,,,,,,,
1983,,58,85,,,,,,,
1984,,59,85,,,,,,,
1985,,60,85,,,,,,,
1986,,61,85,,,,,,,
1987,,62,85,,,,,,,
1988,,63,85,,,,,,,
1989,,109,85,,,,,,,
1990,,110,85,,,,,,,
1991,,111,85,,,,,,,
1992,,112,85,,,,,,,
1993,,113,85,,,,,,,
1994,,114,85,,,,,,,
1995,,115,85,,,,,,,
1996,,116,85,,,,,,,
1997,,117,85,,,,,,,
1998,,118,85,,,,,,,
1999,,119,85,,,,,,,
2000,,120,85,,,,,,,
2001,,121,85,,,,,,,
2002,,122,85,,,,,,,
2003,,123,85,,,,,,,
2004,,124,85,,,,,,,
2005,,125,85,,,,,,,
2006,,126,85,,,,,,,
2007,,127,85,,,,,,,
2008,,128,85,,,,,,,
2009,,129,85,,,,,,,
2010,,130,85,,,,,,,
2011,,131,85,,,,,,,
2012,,132,85,,,,,,,
2013,,133,85,,,,,,,
2014,,134,85,,,,,,,
2015,,135,85,,,,,,,
2016,,19,86,,,,,,,
2017,,20,86,,,,,,,
2018,,135,86,,,,,,,
2019,,26,87,,,,,,,
2020,,27,87,,,,,,,
2021,,30,87,,,,,,,
2022,,31,87,,,,,,,
2023,,135,87,,,,,,,
2024,,17,88,,,,,,,
2025,,18,88,,,,,,,
2026,,135,88,,,,,,,
2027,,51,89,,,,,,,
2028,,52,89,,,,,,,
2029,,53,89,,,,,,,
2030,,54,89,,,,,,,
2031,,55,89,,,,,,,
2032,,56,89,,,,,,,
2033,,57,89,,,,,,,
2034,,58,89,,,,,,,
2035,,59,89,,,,,,,
2036,,60,89,,,,,,,
2037,,61,89,,,,,,,
2038,,62,89,,,,,,,
2039,,63,89,,,,,,,
2040,,109,89,,,,,,,
2041,,110,89,,,,,,,
2042,,111,89,,,,,,,
2043,,112,89,,,,,,,
2044,,113,89,,,,,,,
2045,,114,89,,,,,,,
2046,,115,89,,,,,,,
2047,,116,89,,,,,,,
2048,,117,89,,,,,,,
2049,,118,89,,,,,,,
2050,,119,89,,,,,,,
2051,,120,89,,,,,,,
2052,,121,89,,,,,,,
2053,,122,89,,,,,,,
2054,,123,89,,,,,,,
2055,,124,89,,,,,,,
2056,,125,89,,,,,,,
2057,,126,89,,,,,,,
2058,,127,89,,,,,,,
2059,,128,89,,,,,,,
2060,,129,89,,,,,,,
2061,,130,89,,,,,,,
2062,,131,89,,,,,,,
2063,,132,89,,,,,,,
2064,,133,89,,,,,,,
2065,,134,89,,,,,,,
2066,,135,89,,,,,,,
2067,,19,90,,,,,,,
2068,,20,90,,,,,,,
2069,,135,90,,,,,,,
2070,,26,91,,,,,,,
2071,,27,91,,,,,,,
2072,,30,91,,,,,,,
2073,,31,91,,,,,,,
2074,,135,91,,,,,,,
2075,,17,92,,,,,,,
2076,,18,92,,,,,,,
2077,,135,92,,,,,,,
2078,,51,93,,,,,,,
2079,,52,93,,,,,,,
2080,,53,93,,,,,,,
2081,,54,93,,,,,,,
2082,,55,93,,,,,,,
2083,,56,93,,,,,,,
2084,,57,93,,,,,,,
2085,,58,93,,,,,,,
2086,,59,93,,,,,,,
2087,,60,93,,,,,,,
2088,,61,93,,,,,,,
2089,,62,93,,,,,,,
2090,,63,93,,,,,,,
2091,,109,93,,,,,,,
2092,,110,93,,,,,,,
2093,,111,93,,,,,,,
2094,,112,93,,,,,,,
2095,,113,93,,,,,,,
2096,,114,93,,,,,,,
2097,,115,93,,,,,,,
2098,,116,93,,,,,,,
2099,,117,93,,,,,,,
2100,,118,93,,,,,,,
2101,,119,93,,,,,,,
2102,,120,93,,,,,,,
2103,,121,93,,,,,,,
2104,,122,93,,,,,,,
2105,,123,93,,,,,,,
2106,,124,93,,,,,,,
2107,,125,93,,,,,,,
2108,,126,93,,,,,,,
2109,,127,93,,,,,,,
2110,,128,93,,,,,,,
2111,,129,93,,,,,,,
2112,,130,93,,,,,,,
2113,,131,93,,,,,,,
2114,,132,93,,,,,,,
2115,,133,93,,,,,,,
2116,,134,93,,,,,,,
2117,,135,93,,,,,,,
2118,,19,94,,,,,,,
2119,,20,94,,,,,,,
2120,,135,94,,,,,,,
2121,,26,95,,,,,,,
2122,,27,95,,,,,,,
2123,,30,95,,,,,,,
2124,,31,95,,,,,,,
2125,,135,95,,,,,,,
2126,,17,96,,,,,,,
2127,,18,96,,,,,,,
2128,,135,96,,,,,,,
2129,,1,2,,,,,,,
2130,,2,2,,,,,,,
2131,,3,2,,,,,,,
2132,,4,2,,,,,,,
2135,,1,3,,,,,,,
2136,,2,3,,,,,,,
2137,,3,3,,,,,,,
2139,,5,3,,,,,,,
2140,,6,3,,,,,,,
2141,,5,22,,,,,,,
2142,,6,22,,,,,,,
2143,,7,22,,,,,,,
2144,,8,22,,,,,,,
2145,,9,22,,,,,,,
2146,,10,22,,,,,,,
2147,,11,22,,,,,,,
2148,,136,22,,,,,,,
2149,,1,23,,,,,,,
2150,,2,23,,,,,,,
2151,,3,23,,,,,,,
2152,,4,23,,,,,,,
2153,,5,23,,,,,,,
2154,,6,23,,,,,,,
2155,,4,60,,,,,,,
2156,,5,60,,,,,,,
2157,,6,60,,,,,,,
2159,,5,61,,,,,,,
2160,,6,61,,,,,,,
2164,,34,22,,,,,,,
2165,,35,22,,,,,,,
2166,,36,22,,,,,,,
2167,,37,22,,,,,,,
2168,,38,22,,,,,,,
2169,,39,22,,,,,,,
2170,,40,22,,,,,,,
2171,,41,22,,,,,,,
2172,,42,22,,,,,,,
2173,,140,22,,,,,,,
2174,,64,22,,,,,,,
2175,,65,22,,,,,,,
2176,,66,22,,,,,,,
2177,,67,22,,,,,,,
2178,,17,22,,,,,,,
2179,,18,22,,,,,,,
2180,,19,22,,,,,,,
2181,,20,22,,,,,,,
2182,,21,22,,,,,,,
2183,,22,22,,,,,,,
2184,,23,22,,,,,,,
2185,,24,22,,,,,,,
2186,,25,22,,,,,,,
2187,,138,22,,,,,,,
2188,,68,22,,,,,,,
2189,,69,22,,,,,,,
2190,,70,22,,,,,,,
2191,,71,22,,,,,,,
2192,,72,22,,,,,,,
2193,,73,22,,,,,,,
2194,,74,22,,,,,,,
2195,,75,22,,,,,,,
2196,,95,22,,,,,,,
2197,,96,22,,,,,,,
2198,,97,22,,,,,,,
2199,,98,22,,,,,,,
2200,,99,22,,,,,,,
2201,,101,22,,,,,,,
2202,,102,22,,,,,,,
2203,,34,23,,,,,,,
2204,,35,23,,,,,,,
2205,,141,23,,,,,,,
2206,,64,23,,,,,,,
2207,,65,23,,,,,,,
2208,,135,23,,,,,,,
2209,,66,23,,,,,,,
2210,,67,23,,,,,,,
2211,,17,23,,,,,,,
2212,,18,23,,,,,,,
2213,,139,23,,,,,,,
2214,,68,23,,,,,,,
2215,,69,23,,,,,,,
2216,,76,23,,,,,,,
2217,,77,23,,,,,,,
2218,,78,23,,,,,,,
2219,,79,23,,,,,,,
2220,,80,23,,,,,,,
2221,,81,23,,,,,,,
2222,,82,23,,,,,,,
2223,,95,23,,,,,,,
2224,,96,23,,,,,,,
2225,,97,23,,,,,,,
2226,,98,23,,,,,,,
2227,,99,23,,,,,,,
2228,,100,23,,,,,,,
2229,,101,23,,,,,,,
2230,,102,23,,,,,,,
2231,,7,23,,,,,,,
2232,,8,23,,,,,,,
2233,,16,23,,,,,,,
2234,,137,23,,,,,,,
2235,,135,24,,,,,,,
2236,,1,24,,,,,,,
2237,,2,24,,,,,,,
2238,,3,24,,,,,,,
2239,,102,24,,,,,,,
2240,,68,82,,,,,,,
2241,,69,82,,,,,,,
2242,,70,82,,,,,,,
2243,,71,82,,,,,,,
2244,,72,82,,,,,,,
2245,,73,82,,,,,,,
2246,,74,82,,,,,,,
2247,,75,82,,,,,,,
2248,,95,82,,,,,,,
2249,,96,82,,,,,,,
2250,,97,82,,,,,,,
2251,,98,82,,,,,,,
2252,,99,82,,,,,,,
2253,,101,82,,,,,,,
2254,,68,84,,,,,,,
2255,,69,84,,,,,,,
2256,,76,84,,,,,,,
2257,,77,84,,,,,,,
2258,,78,84,,,,,,,
2259,,79,84,,,,,,,
2260,,80,84,,,,,,,
2261,,81,84,,,,,,,
2262,,82,84,,,,,,,
2263,,95,84,,,,,,,
2264,,96,84,,,,,,,
2265,,97,84,,,,,,,
2266,,98,84,,,,,,,
2267,,100,84,,,,,,,
2268,,101,84,,,,,,,
2269,,102,84,,,,,,,
2270,,83,97,,,,,,,
2271,,84,97,,,,,,,
2272,,34,97,,,,,,,
2273,,35,97,,,,,,,
2274,,64,97,,,,,,,
2275,,65,97,,,,,,,
2276,,135,97,,,,,,,
2277,,1,97,,,,,,,
2278,,2,97,,,,,,,
2279,,3,97,,,,,,,
2280,,66,97,,,,,,,
2281,,67,97,,,,,,,
2282,,17,97,,,,,,,
2283,,18,97,,,,,,,
2284,,68,97,,,,,,,
2285,,69,97,,,,,,,
2286,,95,97,,,,,,,
2287,,96,97,,,,,,,
2288,,97,97,,,,,,,
2289,,98,97,,,,,,,
2290,,101,97,,,,,,,
2291,,102,97,,,,,,,
2292,,7,97,,,,,,,
2293,,8,97,,,,,,,
2294,,51,97,,,,,,,
2295,,52,97,,,,,,,
2296,,26,84,,,,,,,
2297,,27,84,,,,,,,
2298,,34,98,,,,,,,
2299,,35,98,,,,,,,
2300,,64,98,,,,,,,
2301,,65,98,,,,,,,
2302,,135,98,,,,,,,
2303,,1,98,,,,,,,
2304,,2,98,,,,,,,
2305,,3,98,,,,,,,
2306,,66,98,,,,,,,
2307,,67,98,,,,,,,
2308,,17,98,,,,,,,
2309,,18,98,,,,,,,
2310,,68,98,,,,,,,
2311,,69,98,,,,,,,
2312,,95,98,,,,,,,
2313,,96,98,,,,,,,
2314,,97,98,,,,,,,
2315,,98,98,,,,,,,
2316,,102,98,,,,,,,
2317,,7,98,,,,,,,
2318,,8,98,,,,,,,
2319,,34,99,,,,,,,
2320,,35,99,,,,,,,
2321,,64,99,,,,,,,
2322,,65,99,,,,,,,
2323,,135,99,,,,,,,
2324,,1,99,,,,,,,
2325,,2,99,,,,,,,
2326,,3,99,,,,,,,
2327,,66,99,,,,,,,
2328,,67,99,,,,,,,
2329,,17,99,,,,,,,
2330,,18,99,,,,,,,
2331,,68,99,,,,,,,
2332,,69,99,,,,,,,
2333,,95,99,,,,,,,
2334,,96,99,,,,,,,
2335,,97,99,,,,,,,
2336,,98,99,,,,,,,
2337,,102,99,,,,,,,
2338,,7,99,,,,,,,
2339,,8,99,,,,,,,
2340,,34,100,,,,,,,
2341,,35,100,,,,,,,
2342,,36,100,,,,,,,
2343,,37,100,,,,,,,
2344,,38,100,,,,,,,
2345,,39,100,,,,,,,
2346,,40,100,,,,,,,
2347,,41,100,,,,,,,
2348,,42,100,,,,,,,
2349,,140,100,,,,,,,
2350,,64,100,,,,,,,
2351,,65,100,,,,,,,
2352,,135,100,,,,,,,
2353,,1,100,,,,,,,
2354,,2,100,,,,,,,
2355,,3,100,,,,,,,
2356,,4,100,,,,,,,
2357,,66,100,,,,,,,
2358,,67,100,,,,,,,
2359,,17,100,,,,,,,
2360,,18,100,,,,,,,
2361,,19,100,,,,,,,
2362,,20,100,,,,,,,
2363,,21,100,,,,,,,
2364,,22,100,,,,,,,
2365,,23,100,,,,,,,
2366,,24,100,,,,,,,
2367,,25,100,,,,,,,
2368,,138,100,,,,,,,
2369,,68,100,,,,,,,
2370,,69,100,,,,,,,
2371,,70,100,,,,,,,
2372,,71,100,,,,,,,
2373,,72,100,,,,,,,
2374,,73,100,,,,,,,
2375,,74,100,,,,,,,
2376,,75,100,,,,,,,
2377,,95,100,,,,,,,
2378,,96,100,,,,,,,
2379,,97,100,,,,,,,
2380,,98,100,,,,,,,
2381,,99,100,,,,,,,
2382,,101,100,,,,,,,
2383,,102,100,,,,,,,
2384,,7,100,,,,,,,
2385,,8,100,,,,,,,
2386,,9,100,,,,,,,
2387,,10,100,,,,,,,
2388,,11,100,,,,,,,
2389,,136,100,,,,,,,
2390,,34,101,,,,,,,
2391,,35,101,,,,,,,
2392,,43,101,,,,,,,
2393,,44,101,,,,,,,
2394,,45,101,,,,,,,
2395,,46,101,,,,,,,
2396,,47,101,,,,,,,
2397,,48,101,,,,,,,
2398,,49,101,,,,,,,
2399,,50,101,,,,,,,
2400,,141,101,,,,,,,
2401,,64,101,,,,,,,
2402,,65,101,,,,,,,
2403,,135,101,,,,,,,
2404,,1,101,,,,,,,
2405,,2,101,,,,,,,
2406,,3,101,,,,,,,
2407,,5,101,,,,,,,
2408,,6,101,,,,,,,
2409,,66,101,,,,,,,
2410,,67,101,,,,,,,
2411,,17,101,,,,,,,
2412,,18,101,,,,,,,
2413,,26,101,,,,,,,
2414,,27,101,,,,,,,
2415,,28,101,,,,,,,
2416,,29,101,,,,,,,
2417,,30,101,,,,,,,
2418,,31,101,,,,,,,
2419,,32,101,,,,,,,
2420,,33,101,,,,,,,
2421,,139,101,,,,,,,
2422,,68,101,,,,,,,
2423,,69,101,,,,,,,
2424,,76,101,,,,,,,
2425,,77,101,,,,,,,
2426,,78,101,,,,,,,
2427,,79,101,,,,,,,
2428,,80,101,,,,,,,
2429,,81,101,,,,,,,
2430,,82,101,,,,,,,
2431,,95,101,,,,,,,
2432,,96,101,,,,,,,
2433,,97,101,,,,,,,
2434,,98,101,,,,,,,
2435,,100,101,,,,,,,
2436,,101,101,,,,,,,
2437,,102,101,,,,,,,
2438,,7,101,,,,,,,
2439,,8,101,,,,,,,
2440,,13,101,,,,,,,
2441,,14,101,,,,,,,
2442,,15,101,,,,,,,
2443,,16,101,,,,,,,
2444,,137,101,,,,,,,
2445,,83,102,,,,,,,
2446,,84,102,,,,,,,
2447,,34,102,,,,,,,
2448,,35,102,,,,,,,
2449,,64,102,,,,,,,
2450,,65,102,,,,,,,
2451,,135,102,,,,,,,
2452,,1,102,,,,,,,
2453,,2,102,,,,,,,
2454,,3,102,,,,,,,
2455,,66,102,,,,,,,
2456,,67,102,,,,,,,
2457,,17,102,,,,,,,
2458,,18,102,,,,,,,
2459,,68,102,,,,,,,
2460,,69,102,,,,,,,
2461,,95,102,,,,,,,
2462,,96,102,,,,,,,
2463,,97,102,,,,,,,
2464,,98,102,,,,,,,
2465,,101,102,,,,,,,
2466,,102,102,,,,,,,
2467,,7,102,,,,,,,
2468,,8,102,,,,,,,
2469,,34,103,,,,,,,
2470,,35,103,,,,,,,
2471,,36,103,,,,,,,
2472,,37,103,,,,,,,
2473,,38,103,,,,,,,
2474,,39,103,,,,,,,
2475,,40,103,,,,,,,
2476,,41,103,,,,,,,
2477,,42,103,,,,,,,
2478,,140,103,,,,,,,
2479,,64,103,,,,,,,
2480,,65,103,,,,,,,
2481,,135,103,,,,,,,
2482,,1,103,,,,,,,
2483,,2,103,,,,,,,
2484,,3,103,,,,,,,
2485,,4,103,,,,,,,
2486,,66,103,,,,,,,
2487,,67,103,,,,,,,
2488,,17,103,,,,,,,
2489,,18,103,,,,,,,
2490,,19,103,,,,,,,
2491,,20,103,,,,,,,
2492,,21,103,,,,,,,
2493,,22,103,,,,,,,
2494,,23,103,,,,,,,
2495,,24,103,,,,,,,
2496,,25,103,,,,,,,
2497,,138,103,,,,,,,
2498,,68,103,,,,,,,
2499,,69,103,,,,,,,
2500,,70,103,,,,,,,
2501,,71,103,,,,,,,
2502,,72,103,,,,,,,
2503,,73,103,,,,,,,
2504,,74,103,,,,,,,
2505,,75,103,,,,,,,
2506,,95,103,,,,,,,
2507,,96,103,,,,,,,
2508,,97,103,,,,,,,
2509,,98,103,,,,,,,
2510,,99,103,,,,,,,
2511,,101,103,,,,,,,
2512,,102,103,,,,,,,
2513,,7,103,,,,,,,
2514,,8,103,,,,,,,
2515,,9,103,,,,,,,
2516,,10,103,,,,,,,
2517,,11,103,,,,,,,
2518,,16,103,,,,,,,
2519,,136,103,,,,,,,
2520,,34,104,,,,,,,
2521,,35,104,,,,,,,
2522,,43,104,,,,,,,
2523,,44,104,,,,,,,
2524,,45,104,,,,,,,
2525,,46,104,,,,,,,
2526,,47,104,,,,,,,
2527,,48,104,,,,,,,
2528,,49,104,,,,,,,
2529,,50,104,,,,,,,
2530,,141,104,,,,,,,
2531,,64,104,,,,,,,
2532,,65,104,,,,,,,
2533,,135,104,,,,,,,
2534,,1,104,,,,,,,
2535,,2,104,,,,,,,
2536,,3,104,,,,,,,
2537,,5,104,,,,,,,
2538,,6,104,,,,,,,
2539,,66,104,,,,,,,
2540,,67,104,,,,,,,
2541,,17,104,,,,,,,
2542,,18,104,,,,,,,
2543,,26,104,,,,,,,
2544,,27,104,,,,,,,
2545,,28,104,,,,,,,
2546,,29,104,,,,,,,
2547,,30,104,,,,,,,
2548,,31,104,,,,,,,
2549,,32,104,,,,,,,
2550,,33,104,,,,,,,
2551,,139,104,,,,,,,
2552,,68,104,,,,,,,
2553,,69,104,,,,,,,
2554,,76,104,,,,,,,
2555,,77,104,,,,,,,
2556,,78,104,,,,,,,
2557,,79,104,,,,,,,
2558,,80,104,,,,,,,
2559,,81,104,,,,,,,
2560,,82,104,,,,,,,
2561,,95,104,,,,,,,
2562,,96,104,,,,,,,
2563,,97,104,,,,,,,
2564,,98,104,,,,,,,
2565,,100,104,,,,,,,
2566,,101,104,,,,,,,
2567,,102,104,,,,,,,
2568,,7,104,,,,,,,
2569,,8,104,,,,,,,
2570,,12,104,,,,,,,
2571,,13,104,,,,,,,
2572,,14,104,,,,,,,
2573,,15,104,,,,,,,
2574,,137,104,,,,,,,
2575,,83,105,,,,,,,
2576,,84,105,,,,,,,
2577,,34,105,,,,,,,
2578,,35,105,,,,,,,
2579,,64,105,,,,,,,
2580,,65,105,,,,,,,
2581,,135,105,,,,,,,
2582,,1,105,,,,,,,
2583,,2,105,,,,,,,
2584,,3,105,,,,,,,
2585,,66,105,,,,,,,
2586,,67,105,,,,,,,
2587,,17,105,,,,,,,
2588,,18,105,,,,,,,
2589,,68,105,,,,,,,
2590,,69,105,,,,,,,
2591,,95,105,,,,,,,
2592,,96,105,,,,,,,
2593,,97,105,,,,,,,
2594,,98,105,,,,,,,
2595,,102,105,,,,,,,
2596,,7,105,,,,,,,
2597,,8,105,,,,,,,
2598,,34,59,,,,,,,
2599,,35,59,,,,,,,
2600,,43,59,,,,,,,
2601,,44,59,,,,,,,
2602,,45,59,,,,,,,
2603,,46,59,,,,,,,
2604,,47,59,,,,,,,
2605,,48,59,,,,,,,
2606,,49,59,,,,,,,
2607,,50,59,,,,,,,
2608,,141,59,,,,,,,
2609,,64,59,,,,,,,
2610,,65,59,,,,,,,
2611,,5,59,,,,,,,
2612,,6,59,,,,,,,
2613,,66,59,,,,,,,
2614,,67,59,,,,,,,
2615,,17,59,,,,,,,
2616,,18,59,,,,,,,
2617,,26,59,,,,,,,
2618,,27,59,,,,,,,
2619,,28,59,,,,,,,
2620,,29,59,,,,,,,
2621,,30,59,,,,,,,
2622,,31,59,,,,,,,
2623,,32,59,,,,,,,
2624,,33,59,,,,,,,
2625,,139,59,,,,,,,
2626,,68,59,,,,,,,
2627,,69,59,,,,,,,
2628,,76,59,,,,,,,
2629,,77,59,,,,,,,
2630,,78,59,,,,,,,
2631,,79,59,,,,,,,
2632,,80,59,,,,,,,
2633,,81,59,,,,,,,
2634,,82,59,,,,,,,
2635,,95,59,,,,,,,
2636,,96,59,,,,,,,
2637,,97,59,,,,,,,
2638,,98,59,,,,,,,
2639,,100,59,,,,,,,
2640,,101,59,,,,,,,
2641,,102,59,,,,,,,
2642,,14,59,,,,,,,
2643,,15,59,,,,,,,
2644,,34,58,,,,,,,
2645,,35,58,,,,,,,
2646,,36,58,,,,,,,
2647,,37,58,,,,,,,
2648,,38,58,,,,,,,
2649,,39,58,,,,,,,
2650,,40,58,,,,,,,
2651,,41,58,,,,,,,
2652,,42,58,,,,,,,
2653,,140,58,,,,,,,
2654,,64,58,,,,,,,
2655,,65,58,,,,,,,
2656,,66,58,,,,,,,
2657,,67,58,,,,,,,
2658,,17,58,,,,,,,
2659,,18,58,,,,,,,
2660,,19,58,,,,,,,
2661,,20,58,,,,,,,
2662,,21,58,,,,,,,
2663,,22,58,,,,,,,
2664,,23,58,,,,,,,
2665,,24,58,,,,,,,
2666,,25,58,,,,,,,
2667,,138,58,,,,,,,
2668,,68,58,,,,,,,
2669,,69,58,,,,,,,
2670,,70,58,,,,,,,
2671,,71,58,,,,,,,
2672,,72,58,,,,,,,
2673,,73,58,,,,,,,
2674,,74,58,,,,,,,
2675,,75,58,,,,,,,
2676,,95,58,,,,,,,
2677,,96,58,,,,,,,
2678,,97,58,,,,,,,
2679,,98,58,,,,,,,
2680,,99,58,,,,,,,
2681,,101,58,,,,,,,
2682,,102,58,,,,,,,
2683,,11,58,,,,,,,
2684,,34,56,,,,,,,
2685,,35,56,,,,,,,
2686,,36,56,,,,,,,
2687,,37,56,,,,,,,
2688,,38,56,,,,,,,
2689,,39,56,,,,,,,
2690,,40,56,,,,,,,
2691,,41,56,,,,,,,
2692,,42,56,,,,,,,
2693,,140,56,,,,,,,
2694,,64,56,,,,,,,
2695,,65,56,,,,,,,
2696,,66,56,,,,,,,
2697,,67,56,,,,,,,
2698,,17,56,,,,,,,
2699,,18,56,,,,,,,
2700,,19,56,,,,,,,
2701,,21,56,,,,,,,
2702,,22,56,,,,,,,
2703,,25,56,,,,,,,
2704,,138,56,,,,,,,
2705,,68,56,,,,,,,
2706,,69,56,,,,,,,
2707,,70,56,,,,,,,
2708,,71,56,,,,,,,
2709,,72,56,,,,,,,
2710,,73,56,,,,,,,
2711,,74,56,,,,,,,
2712,,75,56,,,,,,,
2713,,95,56,,,,,,,
2714,,96,56,,,,,,,
2715,,97,56,,,,,,,
2716,,98,56,,,,,,,
2717,,99,56,,,,,,,
2718,,101,56,,,,,,,
2719,,102,56,,,,,,,
2720,,11,56,,,,,,,
2721,,34,57,,,,,,,
2722,,35,57,,,,,,,
2723,,43,57,,,,,,,
2724,,44,57,,,,,,,
2725,,45,57,,,,,,,
2726,,46,57,,,,,,,
2727,,47,57,,,,,,,
2728,,48,57,,,,,,,
2729,,49,57,,,,,,,
2730,,50,57,,,,,,,
2731,,141,57,,,,,,,
2732,,64,57,,,,,,,
2733,,65,57,,,,,,,
2734,,5,57,,,,,,,
2735,,6,57,,,,,,,
2736,,66,57,,,,,,,
2737,,67,57,,,,,,,
2738,,17,57,,,,,,,
2739,,18,57,,,,,,,
2740,,26,57,,,,,,,
2741,,27,57,,,,,,,
2742,,28,57,,,,,,,
2743,,29,57,,,,,,,
2744,,30,57,,,,,,,
2745,,31,57,,,,,,,
2746,,32,57,,,,,,,
2747,,33,57,,,,,,,
2748,,139,57,,,,,,,
2749,,68,57,,,,,,,
2750,,69,57,,,,,,,
2751,,76,57,,,,,,,
2752,,77,57,,,,,,,
2753,,78,57,,,,,,,
2754,,79,57,,,,,,,
2755,,80,57,,,,,,,
2756,,81,57,,,,,,,
2757,,82,57,,,,,,,
2758,,95,57,,,,,,,
2759,,96,57,,,,,,,
2760,,97,57,,,,,,,
2761,,98,57,,,,,,,
2762,,100,57,,,,,,,
2763,,101,57,,,,,,,
2764,,34,106,,,,,,,
2765,,35,106,,,,,,,
2766,,64,106,,,,,,,
2767,,65,106,,,,,,,
2768,,135,106,,,,,,,
2769,,1,106,,,,,,,
2770,,2,106,,,,,,,
2771,,3,106,,,,,,,
2772,,66,106,,,,,,,
2773,,67,106,,,,,,,
2774,,17,106,,,,,,,
2775,,18,106,,,,,,,
2776,,68,106,,,,,,,
2777,,69,106,,,,,,,
2778,,95,106,,,,,,,
2779,,96,106,,,,,,,
2780,,97,106,,,,,,,
2781,,98,106,,,,,,,
2782,,101,106,,,,,,,
2783,,102,106,,,,,,,
2784,,7,106,,,,,,,
2785,,8,106,,,,,,,
2786,,34,62,,,,,,,
2787,,35,62,,,,,,,
2788,,36,62,,,,,,,
2789,,37,62,,,,,,,
2790,,38,62,,,,,,,
2791,,39,62,,,,,,,
2792,,40,62,,,,,,,
2793,,41,62,,,,,,,
2794,,42,62,,,,,,,
2795,,140,62,,,,,,,
2796,,64,62,,,,,,,
2797,,65,62,,,,,,,
2798,,4,62,,,,,,,
2799,,66,62,,,,,,,
2800,,67,62,,,,,,,
2801,,17,62,,,,,,,
2802,,18,62,,,,,,,
2803,,19,62,,,,,,,
2804,,20,62,,,,,,,
2805,,21,62,,,,,,,
2806,,22,62,,,,,,,
2807,,23,62,,,,,,,
2808,,24,62,,,,,,,
2809,,25,62,,,,,,,
2810,,138,62,,,,,,,
2811,,68,62,,,,,,,
2812,,69,62,,,,,,,
2813,,70,62,,,,,,,
2814,,71,62,,,,,,,
2815,,72,62,,,,,,,
2816,,73,62,,,,,,,
2817,,74,62,,,,,,,
2818,,75,62,,,,,,,
2819,,95,62,,,,,,,
2820,,96,62,,,,,,,
2821,,97,62,,,,,,,
2822,,98,62,,,,,,,
2823,,99,62,,,,,,,
2824,,101,62,,,,,,,
2825,,34,63,,,,,,,
2826,,35,63,,,,,,,
2827,,43,63,,,,,,,
2828,,44,63,,,,,,,
2829,,45,63,,,,,,,
2830,,46,63,,,,,,,
2831,,47,63,,,,,,,
2832,,48,63,,,,,,,
2833,,49,63,,,,,,,
2834,,50,63,,,,,,,
2835,,141,63,,,,,,,
2836,,64,63,,,,,,,
2837,,65,63,,,,,,,
2838,,5,63,,,,,,,
2839,,6,63,,,,,,,
2840,,66,63,,,,,,,
2841,,67,63,,,,,,,
2842,,17,63,,,,,,,
2843,,18,63,,,,,,,
2844,,26,63,,,,,,,
2845,,27,63,,,,,,,
2846,,28,63,,,,,,,
2847,,29,63,,,,,,,
2848,,30,63,,,,,,,
2849,,31,63,,,,,,,
2850,,32,63,,,,,,,
2851,,33,63,,,,,,,
2852,,139,63,,,,,,,
2853,,68,63,,,,,,,
2854,,69,63,,,,,,,
2855,,76,63,,,,,,,
2856,,77,63,,,,,,,
2857,,78,63,,,,,,,
2858,,79,63,,,,,,,
2859,,80,63,,,,,,,
2860,,81,63,,,,,,,
2861,,82,63,,,,,,,
2862,,95,63,,,,,,,
2863,,96,63,,,,,,,
2864,,97,63,,,,,,,
2865,,98,63,,,,,,,
2866,,100,63,,,,,,,
2867,,101,63,,,,,,,
2868,,102,63,,,,,,,
2869,,15,63,,,,,,,
2870,,34,107,,,,,,,
2871,,35,107,,,,,,,
2872,,64,107,,,,,,,
2873,,65,107,,,,,,,
2874,,135,107,,,,,,,
2875,,1,107,,,,,,,
2876,,2,107,,,,,,,
2877,,3,107,,,,,,,
2878,,66,107,,,,,,,
2879,,67,107,,,,,,,
2880,,17,107,,,,,,,
2881,,18,107,,,,,,,
2882,,68,107,,,,,,,
2883,,69,107,,,,,,,
2884,,95,107,,,,,,,
2885,,96,107,,,,,,,
2886,,97,107,,,,,,,
2887,,98,107,,,,,,,
2888,,102,107,,,,,,,
2889,,7,107,,,,,,,
2890,,8,107,,,,,,,
2891,,34,94,,,,,,,
2892,,35,94,,,,,,,
2893,,36,94,,,,,,,
2894,,37,94,,,,,,,
2895,,38,94,,,,,,,
2896,,39,94,,,,,,,
2897,,40,94,,,,,,,
2898,,41,94,,,,,,,
2899,,42,94,,,,,,,
2900,,140,94,,,,,,,
2901,,64,94,,,,,,,
2902,,65,94,,,,,,,
2903,,1,94,,,,,,,
2904,,2,94,,,,,,,
2905,,3,94,,,,,,,
2906,,4,94,,,,,,,
2907,,66,94,,,,,,,
2908,,67,94,,,,,,,
2909,,17,94,,,,,,,
2910,,18,94,,,,,,,
2911,,21,94,,,,,,,
2912,,22,94,,,,,,,
2913,,23,94,,,,,,,
2914,,24,94,,,,,,,
2915,,25,94,,,,,,,
2916,,138,94,,,,,,,
2917,,68,94,,,,,,,
2918,,69,94,,,,,,,
2919,,70,94,,,,,,,
2920,,71,94,,,,,,,
2921,,72,94,,,,,,,
2922,,73,94,,,,,,,
2923,,74,94,,,,,,,
2924,,75,94,,,,,,,
2925,,95,94,,,,,,,
2926,,96,94,,,,,,,
2927,,97,94,,,,,,,
2928,,98,94,,,,,,,
2929,,99,94,,,,,,,
2930,,101,94,,,,,,,
2931,,102,94,,,,,,,
2932,,7,94,,,,,,,
2933,,8,94,,,,,,,
2934,,9,94,,,,,,,
2935,,10,94,,,,,,,
2936,,11,94,,,,,,,
2937,,136,94,,,,,,,
2938,,34,95,,,,,,,
2939,,35,95,,,,,,,
2940,,43,95,,,,,,,
2941,,44,95,,,,,,,
2942,,45,95,,,,,,,
2943,,46,95,,,,,,,
2944,,47,95,,,,,,,
2945,,48,95,,,,,,,
2946,,49,95,,,,,,,
2947,,50,95,,,,,,,
2948,,141,95,,,,,,,
2949,,64,95,,,,,,,
2950,,65,95,,,,,,,
2951,,1,95,,,,,,,
2952,,2,95,,,,,,,
2953,,3,95,,,,,,,
2954,,5,95,,,,,,,
2955,,6,95,,,,,,,
2956,,66,95,,,,,,,
2957,,67,95,,,,,,,
2958,,17,95,,,,,,,
2959,,18,95,,,,,,,
2960,,28,95,,,,,,,
2961,,29,95,,,,,,,
2962,,32,95,,,,,,,
2963,,33,95,,,,,,,
2964,,139,95,,,,,,,
2965,,68,95,,,,,,,
2966,,69,95,,,,,,,
2967,,76,95,,,,,,,
2968,,77,95,,,,,,,
2969,,78,95,,,,,,,
2970,,79,95,,,,,,,
2971,,80,95,,,,,,,
2972,,81,95,,,,,,,
2973,,82,95,,,,,,,
2974,,95,95,,,,,,,
2975,,96,95,,,,,,,
2976,,97,95,,,,,,,
2977,,98,95,,,,,,,
2978,,100,95,,,,,,,
2979,,101,95,,,,,,,
2980,,102,95,,,,,,,
2981,,7,95,,,,,,,
2982,,8,95,,,,,,,
2983,,12,95,,,,,,,
2984,,13,95,,,,,,,
2985,,14,95,,,,,,,
2986,,15,95,,,,,,,
2987,,137,95,,,,,,,
2988,,34,96,,,,,,,
2989,,35,96,,,,,,,
2990,,64,96,,,,,,,
2991,,65,96,,,,,,,
2992,,1,96,,,,,,,
2993,,2,96,,,,,,,
2994,,3,96,,,,,,,
2995,,66,96,,,,,,,
2996,,67,96,,,,,,,
2997,,68,96,,,,,,,
2998,,69,96,,,,,,,
2999,,95,96,,,,,,,
3000,,96,96,,,,,,,
3001,,97,96,,,,,,,
3002,,98,96,,,,,,,
3003,,102,96,,,,,,,
3004,,7,96,,,,,,,
3005,,8,96,,,,,,,
3006,,34,26,,,,,,,
3007,,35,26,,,,,,,
3008,,140,26,,,,,,,
3009,,64,26,,,,,,,
3010,,65,26,,,,,,,
3011,,135,26,,,,,,,
3012,,1,26,,,,,,,
3013,,2,26,,,,,,,
3014,,3,26,,,,,,,
3015,,4,26,,,,,,,
3016,,66,26,,,,,,,
3017,,67,26,,,,,,,
3018,,17,26,,,,,,,
3019,,18,26,,,,,,,
3020,,138,26,,,,,,,
3021,,68,26,,,,,,,
3022,,69,26,,,,,,,
3023,,70,26,,,,,,,
3024,,71,26,,,,,,,
3025,,72,26,,,,,,,
3026,,73,26,,,,,,,
3027,,74,26,,,,,,,
3028,,75,26,,,,,,,
3029,,95,26,,,,,,,
3030,,96,26,,,,,,,
3031,,97,26,,,,,,,
3032,,98,26,,,,,,,
3033,,99,26,,,,,,,
3034,,101,26,,,,,,,
3035,,102,26,,,,,,,
3036,,7,26,,,,,,,
3037,,8,26,,,,,,,
3038,,136,26,,,,,,,
3039,,34,27,,,,,,,
3040,,35,27,,,,,,,
3041,,141,27,,,,,,,
3042,,64,27,,,,,,,
3043,,65,27,,,,,,,
3044,,135,27,,,,,,,
3045,,1,27,,,,,,,
3046,,2,27,,,,,,,
3047,,3,27,,,,,,,
3048,,5,27,,,,,,,
3049,,6,27,,,,,,,
3050,,66,27,,,,,,,
3051,,67,27,,,,,,,
3052,,17,27,,,,,,,
3053,,18,27,,,,,,,
3054,,139,27,,,,,,,
3055,,68,27,,,,,,,
3056,,69,27,,,,,,,
3057,,76,27,,,,,,,
3058,,77,27,,,,,,,
3059,,78,27,,,,,,,
3060,,79,27,,,,,,,
3061,,80,27,,,,,,,
3062,,81,27,,,,,,,
3063,,82,27,,,,,,,
3064,,95,27,,,,,,,
3065,,96,27,,,,,,,
3066,,97,27,,,,,,,
3067,,98,27,,,,,,,
3068,,100,27,,,,,,,
3069,,101,27,,,,,,,
3070,,102,27,,,,,,,
3071,,7,27,,,,,,,
3073,,137,27,,,,,,,
3074,,83,26,,,,,,,
3075,,84,26,,,,,,,
3076,,85,26,,,,,,,
3077,,86,26,,,,,,,
3078,,87,26,,,,,,,
3079,,88,26,,,,,,,
3080,,89,26,,,,,,,
3081,,83,27,,,,,,,
3082,,84,27,,,,,,,
3083,,90,27,,,,,,,
3084,,91,27,,,,,,,
3085,,92,27,,,,,,,
3086,,93,27,,,,,,,
3087,,94,27,,,,,,,
3088,,64,28,,,,,,,
3089,,65,28,,,,,,,
3090,,135,28,,,,,,,
3091,,1,28,,,,,,,
3092,,2,28,,,,,,,
3093,,3,28,,,,,,,
3094,,66,28,,,,,,,
3095,,67,28,,,,,,,
3096,,101,28,,,,,,,
3097,,102,28,,,,,,,
3098,,34,108,,,,,,,
3099,,35,108,,,,,,,
3100,,64,108,,,,,,,
3101,,65,108,,,,,,,
3102,,135,108,,,,,,,
3103,,1,108,,,,,,,
3104,,2,108,,,,,,,
3105,,3,108,,,,,,,
3106,,66,108,,,,,,,
3107,,67,108,,,,,,,
3108,,17,108,,,,,,,
3109,,18,108,,,,,,,
3110,,68,108,,,,,,,
3111,,69,108,,,,,,,
3112,,95,108,,,,,,,
3113,,96,108,,,,,,,
3114,,97,108,,,,,,,
3115,,98,108,,,,,,,
3116,,102,108,,,,,,,
3117,,7,108,,,,,,,
3118,,8,108,,,,,,,
3119,,34,109,,,,,,,
3120,,35,109,,,,,,,
3121,,64,109,,,,,,,
3122,,65,109,,,,,,,
3123,,135,109,,,,,,,
3124,,1,109,,,,,,,
3125,,2,109,,,,,,,
3126,,3,109,,,,,,,
3127,,66,109,,,,,,,
3128,,67,109,,,,,,,
3129,,17,109,,,,,,,
3130,,18,109,,,,,,,
3131,,68,109,,,,,,,
3132,,69,109,,,,,,,
3133,,95,109,,,,,,,
3134,,96,109,,,,,,,
3135,,97,109,,,,,,,
3136,,98,109,,,,,,,
3137,,102,109,,,,,,,
3138,,7,109,,,,,,,
3139,,8,109,,,,,,,
3140,,34,30,,,,,,,
3141,,35,30,,,,,,,
3142,,140,30,,,,,,,
3143,,64,30,,,,,,,
3144,,65,30,,,,,,,
3145,,135,30,,,,,,,
3146,,1,30,,,,,,,
3147,,2,30,,,,,,,
3148,,3,30,,,,,,,
3149,,4,30,,,,,,,
3150,,66,30,,,,,,,
3151,,67,30,,,,,,,
3152,,17,30,,,,,,,
3153,,138,30,,,,,,,
3154,,68,30,,,,,,,
3155,,69,30,,,,,,,
3156,,70,30,,,,,,,
3157,,71,30,,,,,,,
3158,,72,30,,,,,,,
3159,,73,30,,,,,,,
3160,,74,30,,,,,,,
3161,,75,30,,,,,,,
3162,,95,30,,,,,,,
3163,,96,30,,,,,,,
3164,,97,30,,,,,,,
3165,,98,30,,,,,,,
3166,,99,30,,,,,,,
3167,,101,30,,,,,,,
3168,,102,30,,,,,,,
3169,,7,30,,,,,,,
3170,,8,30,,,,,,,
3171,,136,30,,,,,,,
3172,,34,31,,,,,,,
3173,,35,31,,,,,,,
3174,,141,31,,,,,,,
3175,,64,31,,,,,,,
3176,,65,31,,,,,,,
3177,,135,31,,,,,,,
3178,,1,31,,,,,,,
3179,,2,31,,,,,,,
3180,,3,31,,,,,,,
3181,,5,31,,,,,,,
3182,,6,31,,,,,,,
3183,,66,31,,,,,,,
3184,,67,31,,,,,,,
3185,,17,31,,,,,,,
3186,,18,31,,,,,,,
3187,,139,31,,,,,,,
3188,,68,31,,,,,,,
3189,,69,31,,,,,,,
3190,,76,31,,,,,,,
3191,,77,31,,,,,,,
3192,,78,31,,,,,,,
3193,,79,31,,,,,,,
3194,,80,31,,,,,,,
3195,,81,31,,,,,,,
3196,,82,31,,,,,,,
3197,,95,31,,,,,,,
3198,,96,31,,,,,,,
3199,,97,31,,,,,,,
3200,,98,31,,,,,,,
3201,,100,31,,,,,,,
3202,,101,31,,,,,,,
3203,,102,31,,,,,,,
3204,,7,31,,,,,,,
3205,,8,31,,,,,,,
3206,,137,31,,,,,,,
3207,,34,34,,,,,,,
3208,,35,34,,,,,,,
3209,,36,34,,,,,,,
3210,,37,34,,,,,,,
3211,,38,34,,,,,,,
3212,,39,34,,,,,,,
3213,,40,34,,,,,,,
3214,,41,34,,,,,,,
3215,,42,34,,,,,,,
3216,,140,34,,,,,,,
3217,,64,34,,,,,,,
3218,,65,34,,,,,,,
3219,,66,34,,,,,,,
3220,,67,34,,,,,,,
3221,,17,34,,,,,,,
3222,,18,34,,,,,,,
3223,,19,34,,,,,,,
3224,,20,34,,,,,,,
3225,,21,34,,,,,,,
3226,,22,34,,,,,,,
3227,,23,34,,,,,,,
3228,,24,34,,,,,,,
3229,,25,34,,,,,,,
3230,,138,34,,,,,,,
3231,,68,34,,,,,,,
3232,,69,34,,,,,,,
3233,,70,34,,,,,,,
3234,,71,34,,,,,,,
3235,,72,34,,,,,,,
3236,,73,34,,,,,,,
3237,,74,34,,,,,,,
3238,,75,34,,,,,,,
3239,,95,34,,,,,,,
3240,,96,34,,,,,,,
3241,,97,34,,,,,,,
3242,,98,34,,,,,,,
3243,,99,34,,,,,,,
3244,,101,34,,,,,,,
3245,,102,34,,,,,,,
3246,,7,34,,,,,,,
3247,,8,34,,,,,,,
3248,,9,34,,,,,,,
3249,,10,34,,,,,,,
3250,,11,34,,,,,,,
3251,,136,34,,,,,,,
3252,,34,35,,,,,,,
3253,,35,35,,,,,,,
3254,,43,35,,,,,,,
3255,,44,35,,,,,,,
3256,,45,35,,,,,,,
3257,,46,35,,,,,,,
3258,,47,35,,,,,,,
3259,,48,35,,,,,,,
3260,,49,35,,,,,,,
3261,,50,35,,,,,,,
3262,,141,35,,,,,,,
3263,,64,35,,,,,,,
3264,,65,35,,,,,,,
3265,,66,35,,,,,,,
3266,,67,35,,,,,,,
3267,,17,35,,,,,,,
3268,,18,35,,,,,,,
3269,,26,35,,,,,,,
3270,,27,35,,,,,,,
3271,,28,35,,,,,,,
3272,,29,35,,,,,,,
3273,,30,35,,,,,,,
3274,,31,35,,,,,,,
3275,,32,35,,,,,,,
3276,,33,35,,,,,,,
3277,,139,35,,,,,,,
3278,,68,35,,,,,,,
3279,,69,35,,,,,,,
3280,,76,35,,,,,,,
3281,,77,35,,,,,,,
3282,,78,35,,,,,,,
3283,,79,35,,,,,,,
3284,,80,35,,,,,,,
3285,,81,35,,,,,,,
3286,,82,35,,,,,,,
3287,,95,35,,,,,,,
3288,,96,35,,,,,,,
3289,,97,35,,,,,,,
3290,,98,35,,,,,,,
3291,,100,35,,,,,,,
3292,,101,35,,,,,,,
3293,,102,35,,,,,,,
3294,,7,35,,,,,,,
3295,,8,35,,,,,,,
3296,,12,35,,,,,,,
3297,,13,35,,,,,,,
3298,,14,35,,,,,,,
3299,,15,35,,,,,,,
3300,,137,35,,,,,,,
3301,,64,36,,,,,,,
3302,,65,36,,,,,,,
3303,,135,36,,,,,,,
3304,,1,36,,,,,,,
3305,,2,36,,,,,,,
3306,,3,36,,,,,,,
3307,,66,36,,,,,,,
3308,,67,36,,,,,,,
3309,,101,36,,,,,,,
3310,,102,36,,,,,,,
3311,,34,110,,,,,,,
3312,,35,110,,,,,,,
3313,,36,110,,,,,,,
3314,,37,110,,,,,,,
3315,,38,110,,,,,,,
3316,,39,110,,,,,,,
3317,,40,110,,,,,,,
3318,,41,110,,,,,,,
3319,,42,110,,,,,,,
3320,,140,110,,,,,,,
3321,,64,110,,,,,,,
3322,,65,110,,,,,,,
3323,,135,110,,,,,,,
3324,,1,110,,,,,,,
3325,,2,110,,,,,,,
3326,,3,110,,,,,,,
3327,,4,110,,,,,,,
3328,,66,110,,,,,,,
3329,,67,110,,,,,,,
3330,,17,110,,,,,,,
3331,,18,110,,,,,,,
3332,,19,110,,,,,,,
3333,,20,110,,,,,,,
3334,,21,110,,,,,,,
3335,,22,110,,,,,,,
3336,,23,110,,,,,,,
3337,,24,110,,,,,,,
3338,,25,110,,,,,,,
3339,,138,110,,,,,,,
3340,,68,110,,,,,,,
3341,,69,110,,,,,,,
3342,,70,110,,,,,,,
3343,,71,110,,,,,,,
3344,,72,110,,,,,,,
3345,,73,110,,,,,,,
3346,,74,110,,,,,,,
3347,,75,110,,,,,,,
3348,,95,110,,,,,,,
3349,,96,110,,,,,,,
3350,,97,110,,,,,,,
3351,,98,110,,,,,,,
3352,,99,110,,,,,,,
3353,,101,110,,,,,,,
3354,,102,110,,,,,,,
3355,,7,110,,,,,,,
3356,,8,110,,,,,,,
3357,,9,110,,,,,,,
3358,,10,110,,,,,,,
3359,,11,110,,,,,,,
3360,,136,110,,,,,,,
3361,,34,111,,,,,,,
3362,,35,111,,,,,,,
3363,,43,111,,,,,,,
3364,,44,111,,,,,,,
3365,,45,111,,,,,,,
3366,,46,111,,,,,,,
3367,,47,111,,,,,,,
3368,,48,111,,,,,,,
3369,,49,111,,,,,,,
3370,,50,111,,,,,,,
3371,,141,111,,,,,,,
3372,,64,111,,,,,,,
3373,,65,111,,,,,,,
3374,,135,111,,,,,,,
3375,,1,111,,,,,,,
3376,,2,111,,,,,,,
3377,,3,111,,,,,,,
3378,,5,111,,,,,,,
3379,,6,111,,,,,,,
3380,,66,111,,,,,,,
3381,,67,111,,,,,,,
3382,,17,111,,,,,,,
3383,,18,111,,,,,,,
3384,,26,111,,,,,,,
3385,,27,111,,,,,,,
3386,,28,111,,,,,,,
3387,,29,111,,,,,,,
3388,,30,111,,,,,,,
3389,,31,111,,,,,,,
3390,,32,111,,,,,,,
3391,,33,111,,,,,,,
3392,,139,111,,,,,,,
3393,,68,111,,,,,,,
3394,,69,111,,,,,,,
3395,,76,111,,,,,,,
3396,,77,111,,,,,,,
3397,,78,111,,,,,,,
3398,,79,111,,,,,,,
3399,,80,111,,,,,,,
3400,,81,111,,,,,,,
3401,,82,111,,,,,,,
3402,,95,111,,,,,,,
3403,,96,111,,,,,,,
3404,,97,111,,,,,,,
3405,,98,111,,,,,,,
3406,,100,111,,,,,,,
3407,,101,111,,,,,,,
3408,,102,111,,,,,,,
3409,,7,111,,,,,,,
3410,,8,111,,,,,,,
3411,,12,111,,,,,,,
3412,,13,111,,,,,,,
3413,,14,111,,,,,,,
3414,,15,111,,,,,,,
3415,,137,111,,,,,,,
3416,,34,112,,,,,,,
3417,,35,112,,,,,,,
3418,,64,112,,,,,,,
3419,,65,112,,,,,,,
3420,,135,112,,,,,,,
3421,,1,112,,,,,,,
3422,,2,112,,,,,,,
3423,,3,112,,,,,,,
3424,,6,112,,,,,,,
3425,,66,112,,,,,,,
3426,,67,112,,,,,,,
3427,,17,112,,,,,,,
3428,,18,112,,,,,,,
3429,,68,112,,,,,,,
3430,,69,112,,,,,,,
3431,,95,112,,,,,,,
3432,,96,112,,,,,,,
3433,,97,112,,,,,,,
3434,,98,112,,,,,,,
3435,,101,112,,,,,,,
3436,,102,112,,,,,,,
3437,,7,112,,,,,,,
3438,,8,112,,,,,,,
3439,,51,112,,,,,,,
3440,,52,112,,,,,,,
3441,,34,72,,,,,,,
3442,,35,72,,,,,,,
3443,,36,72,,,,,,,
3444,,37,72,,,,,,,
3445,,38,72,,,,,,,
3446,,39,72,,,,,,,
3447,,40,72,,,,,,,
3448,,41,72,,,,,,,
3449,,42,72,,,,,,,
3450,,140,72,,,,,,,
3451,,64,72,,,,,,,
3452,,65,72,,,,,,,
3453,,135,72,,,,,,,
3454,,66,72,,,,,,,
3455,,67,72,,,,,,,
3456,,17,72,,,,,,,
3457,,18,72,,,,,,,
3458,,19,72,,,,,,,
3459,,20,72,,,,,,,
3460,,21,72,,,,,,,
3461,,22,72,,,,,,,
3462,,23,72,,,,,,,
3463,,24,72,,,,,,,
3464,,25,72,,,,,,,
3465,,138,72,,,,,,,
3466,,68,72,,,,,,,
3467,,69,72,,,,,,,
3468,,70,72,,,,,,,
3469,,71,72,,,,,,,
3470,,72,72,,,,,,,
3471,,73,72,,,,,,,
3472,,74,72,,,,,,,
3473,,75,72,,,,,,,
3474,,95,72,,,,,,,
3475,,96,72,,,,,,,
3476,,97,72,,,,,,,
3477,,98,72,,,,,,,
3478,,99,72,,,,,,,
3479,,101,72,,,,,,,
3480,,102,72,,,,,,,
3481,,34,73,,,,,,,
3482,,35,73,,,,,,,
3483,,43,73,,,,,,,
3484,,44,73,,,,,,,
3485,,45,73,,,,,,,
3486,,46,73,,,,,,,
3487,,47,73,,,,,,,
3488,,48,73,,,,,,,
3489,,49,73,,,,,,,
3490,,50,73,,,,,,,
3491,,141,73,,,,,,,
3492,,64,73,,,,,,,
3493,,65,73,,,,,,,
3494,,66,73,,,,,,,
3495,,67,73,,,,,,,
3496,,17,73,,,,,,,
3497,,18,73,,,,,,,
3498,,26,73,,,,,,,
3499,,27,73,,,,,,,
3500,,28,73,,,,,,,
3501,,29,73,,,,,,,
3502,,30,73,,,,,,,
3503,,31,73,,,,,,,
3504,,32,73,,,,,,,
3505,,33,73,,,,,,,
3506,,139,73,,,,,,,
3507,,68,73,,,,,,,
3508,,69,73,,,,,,,
3509,,76,73,,,,,,,
3510,,77,73,,,,,,,
3511,,78,73,,,,,,,
3512,,79,73,,,,,,,
3513,,80,73,,,,,,,
3514,,81,73,,,,,,,
3515,,82,73,,,,,,,
3516,,95,73,,,,,,,
3517,,96,73,,,,,,,
3518,,97,73,,,,,,,
3519,,98,73,,,,,,,
3520,,100,73,,,,,,,
3521,,101,73,,,,,,,
3522,,102,73,,,,,,,
3523,,34,113,,,,,,,
3524,,35,113,,,,,,,
3525,,64,113,,,,,,,
3526,,65,113,,,,,,,
3527,,135,113,,,,,,,
3528,,1,113,,,,,,,
3529,,2,113,,,,,,,
3530,,3,113,,,,,,,
3531,,66,113,,,,,,,
3532,,67,113,,,,,,,
3533,,17,113,,,,,,,
3534,,18,113,,,,,,,
3535,,68,113,,,,,,,
3536,,69,113,,,,,,,
3537,,95,113,,,,,,,
3538,,96,113,,,,,,,
3539,,97,113,,,,,,,
3540,,98,113,,,,,,,
3541,,101,113,,,,,,,
3542,,102,113,,,,,,,
3543,,7,113,,,,,,,
3544,,8,113,,,,,,,
3545,,51,113,,,,,,,
3546,,52,113,,,,,,,
3547,,83,114,,,,,,,
3548,,84,114,,,,,,,
3549,,85,114,,,,,,,
3550,,86,114,,,,,,,
3551,,87,114,,,,,,,
3552,,88,114,,,,,,,
3553,,89,114,,,,,,,
3554,,90,114,,,,,,,
3555,,91,114,,,,,,,
3556,,92,114,,,,,,,
3557,,93,114,,,,,,,
3558,,94,114,,,,,,,
3559,,34,114,,,,,,,
3560,,35,114,,,,,,,
3561,,36,114,,,,,,,
3562,,37,114,,,,,,,
3563,,38,114,,,,,,,
3564,,39,114,,,,,,,
3565,,40,114,,,,,,,
3566,,41,114,,,,,,,
3567,,42,114,,,,,,,
3568,,43,114,,,,,,,
3569,,44,114,,,,,,,
3570,,45,114,,,,,,,
3571,,46,114,,,,,,,
3572,,47,114,,,,,,,
3573,,48,114,,,,,,,
3574,,49,114,,,,,,,
3575,,50,114,,,,,,,
3576,,140,114,,,,,,,
3577,,141,114,,,,,,,
3578,,64,114,,,,,,,
3579,,65,114,,,,,,,
3580,,135,114,,,,,,,
3581,,1,114,,,,,,,
3582,,2,114,,,,,,,
3583,,3,114,,,,,,,
3584,,4,114,,,,,,,
3585,,5,114,,,,,,,
3586,,6,114,,,,,,,
3587,,66,114,,,,,,,
3588,,67,114,,,,,,,
3589,,17,114,,,,,,,
3590,,18,114,,,,,,,
3591,,19,114,,,,,,,
3592,,20,114,,,,,,,
3593,,21,114,,,,,,,
3594,,22,114,,,,,,,
3595,,23,114,,,,,,,
3596,,24,114,,,,,,,
3597,,25,114,,,,,,,
3598,,26,114,,,,,,,
3599,,27,114,,,,,,,
3600,,28,114,,,,,,,
3601,,29,114,,,,,,,
3602,,30,114,,,,,,,
3603,,31,114,,,,,,,
3604,,32,114,,,,,,,
3605,,33,114,,,,,,,
3606,,138,114,,,,,,,
3607,,139,114,,,,,,,
3608,,68,114,,,,,,,
3609,,69,114,,,,,,,
3610,,70,114,,,,,,,
3611,,71,114,,,,,,,
3612,,72,114,,,,,,,
3613,,73,114,,,,,,,
3614,,74,114,,,,,,,
3615,,75,114,,,,,,,
3616,,76,114,,,,,,,
3617,,77,114,,,,,,,
3618,,78,114,,,,,,,
3619,,79,114,,,,,,,
3620,,80,114,,,,,,,
3621,,81,114,,,,,,,
3622,,82,114,,,,,,,
3623,,103,114,,,,,,,
3624,,104,114,,,,,,,
3625,,105,114,,,,,,,
3626,,106,114,,,,,,,
3627,,95,114,,,,,,,
3628,,96,114,,,,,,,
3629,,97,114,,,,,,,
3630,,98,114,,,,,,,
3631,,99,114,,,,,,,
3632,,100,114,,,,,,,
3633,,101,114,,,,,,,
3634,,102,114,,,,,,,
3635,,7,114,,,,,,,
3636,,8,114,,,,,,,
3637,,9,114,,,,,,,
3638,,10,114,,,,,,,
3639,,11,114,,,,,,,
3640,,12,114,,,,,,,
3641,,13,114,,,,,,,
3642,,14,114,,,,,,,
3643,,15,114,,,,,,,
3644,,16,114,,,,,,,
3645,,136,114,,,,,,,
3646,,137,114,,,,,,,
3647,,51,114,,,,,,,
3648,,52,114,,,,,,,
3649,,53,114,,,,,,,
3650,,54,114,,,,,,,
3651,,55,114,,,,,,,
3652,,56,114,,,,,,,
3653,,57,114,,,,,,,
3654,,58,114,,,,,,,
3655,,59,114,,,,,,,
3656,,60,114,,,,,,,
3657,,61,114,,,,,,,
3658,,62,114,,,,,,,
3659,,63,114,,,,,,,
3660,,107,114,,,,,,,
3661,,108,114,,,,,,,
3662,,109,114,,,,,,,
3663,,110,114,,,,,,,
3664,,111,114,,,,,,,
3665,,112,114,,,,,,,
3666,,113,114,,,,,,,
3667,,114,114,,,,,,,
3668,,115,114,,,,,,,
3669,,116,114,,,,,,,
3670,,117,114,,,,,,,
3671,,118,114,,,,,,,
3672,,119,114,,,,,,,
3673,,120,114,,,,,,,
3674,,121,114,,,,,,,
3675,,122,114,,,,,,,
3676,,123,114,,,,,,,
3677,,124,114,,,,,,,
3678,,125,114,,,,,,,
3679,,126,114,,,,,,,
3680,,127,114,,,,,,,
3681,,128,114,,,,,,,
3682,,129,114,,,,,,,
3683,,130,114,,,,,,,
3684,,131,114,,,,,,,
3685,,132,114,,,,,,,
3686,,133,114,,,,,,,
3687,,134,114,,,,,,,
3688,,34,60,,,,,,,
3689,,35,60,,,,,,,
3690,,36,60,,,,,,,
3691,,37,60,,,,,,,
3692,,38,60,,,,,,,
3693,,39,60,,,,,,,
3694,,40,60,,,,,,,
3695,,41,60,,,,,,,
3696,,42,60,,,,,,,
3697,,140,60,,,,,,,
3698,,64,60,,,,,,,
3699,,65,60,,,,,,,
3700,,66,60,,,,,,,
3701,,67,60,,,,,,,
3702,,17,60,,,,,,,
3703,,18,60,,,,,,,
3704,,19,60,,,,,,,
3705,,20,60,,,,,,,
3706,,21,60,,,,,,,
3707,,22,60,,,,,,,
3708,,23,60,,,,,,,
3709,,24,60,,,,,,,
3710,,25,60,,,,,,,
3711,,138,60,,,,,,,
3712,,68,60,,,,,,,
3713,,69,60,,,,,,,
3714,,70,60,,,,,,,
3715,,71,60,,,,,,,
3716,,72,60,,,,,,,
3717,,73,60,,,,,,,
3718,,74,60,,,,,,,
3719,,75,60,,,,,,,
3720,,95,60,,,,,,,
3721,,96,60,,,,,,,
3722,,97,60,,,,,,,
3723,,98,60,,,,,,,
3724,,99,60,,,,,,,
3725,,101,60,,,,,,,
3726,,102,60,,,,,,,
3727,,34,61,,,,,,,
3728,,35,61,,,,,,,
3729,,43,61,,,,,,,
3730,,44,61,,,,,,,
3731,,45,61,,,,,,,
3732,,46,61,,,,,,,
3733,,47,61,,,,,,,
3734,,48,61,,,,,,,
3735,,49,61,,,,,,,
3736,,50,61,,,,,,,
3737,,141,61,,,,,,,
3738,,64,61,,,,,,,
3739,,65,61,,,,,,,
3740,,66,61,,,,,,,
3741,,67,61,,,,,,,
3742,,17,61,,,,,,,
3743,,18,61,,,,,,,
3744,,26,61,,,,,,,
3745,,27,61,,,,,,,
3746,,28,61,,,,,,,
3747,,29,61,,,,,,,
3748,,30,61,,,,,,,
3749,,31,61,,,,,,,
3750,,32,61,,,,,,,
3751,,33,61,,,,,,,
3752,,139,61,,,,,,,
3753,,68,61,,,,,,,
3754,,69,61,,,,,,,
3755,,76,61,,,,,,,
3756,,77,61,,,,,,,
3757,,78,61,,,,,,,
3758,,79,61,,,,,,,
3759,,80,61,,,,,,,
3760,,81,61,,,,,,,
3761,,82,61,,,,,,,
3762,,95,61,,,,,,,
3763,,96,61,,,,,,,
3764,,97,61,,,,,,,
3765,,98,61,,,,,,,
3766,,100,61,,,,,,,
3767,,101,61,,,,,,,
3768,,102,61,,,,,,,
3769,,14,61,,,,,,,
3770,,15,61,,,,,,,
3771,,83,2,,,,,,,
3772,,84,2,,,,,,,
3773,,34,2,,,,,,,
3774,,35,2,,,,,,,
3775,,140,2,,,,,,,
3776,,64,2,,,,,,,
3777,,65,2,,,,,,,
3778,,135,2,,,,,,,
3779,,66,2,,,,,,,
3780,,67,2,,,,,,,
3781,,17,2,,,,,,,
3782,,18,2,,,,,,,
3783,,138,2,,,,,,,
3784,,68,2,,,,,,,
3785,,69,2,,,,,,,
3786,,102,2,,,,,,,
3787,,7,2,,,,,,,
3788,,8,2,,,,,,,
3789,,136,2,,,,,,,
3790,,34,3,,,,,,,
3791,,35,3,,,,,,,
3792,,141,3,,,,,,,
3793,,64,3,,,,,,,
3794,,65,3,,,,,,,
3795,,135,3,,,,,,,
3796,,66,3,,,,,,,
3797,,67,3,,,,,,,
3798,,17,3,,,,,,,
3799,,18,3,,,,,,,
3800,,139,3,,,,,,,
3801,,68,3,,,,,,,
3802,,69,3,,,,,,,
3803,,102,3,,,,,,,
3804,,7,3,,,,,,,
3805,,8,3,,,,,,,
3806,,137,3,,,,,,,
3807,,51,115,,,,,,,
3808,,52,115,,,,,,,
3809,,53,115,,,,,,,
3810,,54,115,,,,,,,
3811,,55,115,,,,,,,
3812,,56,115,,,,,,,
3813,,57,115,,,,,,,
3814,,58,115,,,,,,,
3815,,59,115,,,,,,,
3816,,60,115,,,,,,,
3817,,61,115,,,,,,,
3818,,62,115,,,,,,,
3819,,63,115,,,,,,,
3820,,109,115,,,,,,,
3821,,110,115,,,,,,,
3822,,111,115,,,,,,,
3823,,112,115,,,,,,,
3824,,113,115,,,,,,,
3825,,114,115,,,,,,,
3826,,115,115,,,,,,,
3827,,116,115,,,,,,,
3828,,117,115,,,,,,,
3829,,118,115,,,,,,,
3830,,119,115,,,,,,,
3831,,120,115,,,,,,,
3832,,121,115,,,,,,,
3833,,122,115,,,,,,,
3834,,123,115,,,,,,,
3835,,124,115,,,,,,,
3836,,125,115,,,,,,,
3837,,126,115,,,,,,,
3838,,127,115,,,,,,,
3839,,128,115,,,,,,,
3840,,129,115,,,,,,,
3841,,130,115,,,,,,,
3842,,131,115,,,,,,,
3843,,132,115,,,,,,,
3844,,133,115,,,,,,,
3845,,134,115,,,,,,,
3846,,135,115,,,,,,,
3847,,1,116,,,,,,,
3848,,2,116,,,,,,,
3849,,3,116,,,,,,,
3850,,4,116,,,,,,,
3851,,7,116,,,,,,,
3852,,8,116,,,,,,,
3853,,9,116,,,,,,,
3854,,10,116,,,,,,,
3855,,11,116,,,,,,,
3856,,16,116,,,,,,,
3857,,25,116,,,,,,,
3858,,42,116,,,,,,,
3859,,102,116,,,,,,,
3860,,136,116,,,,,,,
3861,,135,116,,,,,,,
3862,,1,117,,,,,,,
3863,,3,117,,,,,,,
3864,,5,117,,,,,,,
3865,,6,117,,,,,,,
3866,,7,117,,,,,,,
3867,,8,117,,,,,,,
3868,,12,117,,,,,,,
3869,,13,117,,,,,,,
3870,,14,117,,,,,,,
3871,,15,117,,,,,,,
3872,,16,117,,,,,,,
3873,,32,117,,,,,,,
3874,,33,117,,,,,,,
3875,,43,117,,,,,,,
3876,,44,117,,,,,,,
3877,,49,117,,,,,,,
3878,,50,117,,,,,,,
3879,,102,117,,,,,,,
3880,,135,117,,,,,,,
3881,,137,117,,,,,,,
3882,,139,117,,,,,,,
3883,,141,117,,,,,,,
3884,,4,3,,,,,,,
3885,,4,27,,,,,,,
