"cmt_srl_num","cmt_drpdwn_key","cmt_label","cmt_val","cmt_attr_key"
2,"POSKARTATYPE","KARTA","0","POSKARTATYPE"
1397,"FUNCTIONIDTYPE","KRA All Screen","701","FUNCTIONIDTYPE"
47,"MIGROSSSALARY","BELOW RS. 1 LAC","1","MIGROSSSALARY"
48,"MIGROSSSALARY","BETWEEN 1-5 LACS","2","MIGROSSSALARY"
49,"MIGROSSSALARY","BETWEEN 5-10 LACS","3","MIGROSSSALARY"
50,"MIGROSSSALARY","BETWEEN 10-25 LACS","4","MIGROSSSALARY"
51,"MIGROSSSALARY","ABOVE 25 LACS","5","MIGROSSSALARY"
55,"MIOCCUPATION","GOVERNMENT SERVICE","3","MIOCCUPATION"
56,"MIOCCUPATION","BUSINESS","4","MIOCCUPATION"
57,"MIOCCUPATION","PROFESSIONAL","5","MIOCCUPATION"
58,"MIOCCUPATION","AGRICULTURIST","6","MIOCCUPATION"
59,"MIOCCUPATION","RETIRED","7","MIOCCUPATION"
60,"MIOCCUPATION","HOUSEWIFE","8","MIOCCUPATION"
61,"MIOCCUPATION","STUDENTS","9","MIOCCUPATION"
62,"MIOCCUPATION","OTHER","99","MIOCCUPATION"
82,"MINONINDPOCDOCUMENT","FII WITH ADDRESS","1","MINONINDPOCDOCUMENT"
83,"MINONINDPOCDOCUMENT","SUB ACCOUNT WITH ADDRESS","2","MINONINDPOCDOCUMENT"
84,"MINONINDPOCDOCUMENT","POWER OF ATTORNEY GIVEN BY FII","3","MINONINDPOCDOCUMENT"
85,"MINONINDPOCDOCUMENT","SUB ACCOUNT TO THE CUSTODIANS","4","MINONINDPOCDOCUMENT"
86,"MINONINDGROSSSALARY","BELOW RS. 1 LAC","1","MINONINDGROSSSALARY"
87,"MINONINDGROSSSALARY","BETWEEN 1-5 LACS","2","MINONINDGROSSSALARY"
88,"MINONINDGROSSSALARY","BETWEEN 5-10 LACS","3","MINONINDGROSSSALARY"
90,"MINONINDGROSSSALARY","BETWEEN 10-25 LACS","4","MINONINDGROSSSALARY"
91,"MINONINDGROSSSALARY","BETWEEN 25 LACS -1 CRORE","5","MINONINDGROSSSALARY"
92,"MINONINDGROSSSALARY","ABOVE 1 CRORE","6","MINONINDGROSSSALARY"
1173,"MICOUNTRY","THAILAND","176","MICOUNTRY"
1174,"MICOUNTRY","TOGO REPUBLIC","177","MICOUNTRY"
1175,"MICOUNTRY","TOKYO","178","MICOUNTRY"
1176,"MICOUNTRY","TONGA","179","MICOUNTRY"
1177,"MICOUNTRY","TRINIDAD AND TOBAGO","180","MICOUNTRY"
1178,"MICOUNTRY","TUNISIA","181","MICOUNTRY"
1179,"MICOUNTRY","TURKEY","182","MICOUNTRY"
1180,"MICOUNTRY","TURKMENISTAN","183","MICOUNTRY"
1181,"MICOUNTRY","U A E","184","MICOUNTRY"
1182,"MICOUNTRY","UGANDA","185","MICOUNTRY"
1183,"MICOUNTRY","UNITED ARAB EMIRATES","186","MICOUNTRY"
1184,"MICOUNTRY","UNITED KINGDOM","187","MICOUNTRY"
1185,"MICOUNTRY","URUGUAY","188","MICOUNTRY"
1186,"MICOUNTRY","USA","189","MICOUNTRY"
54,"MIOCCUPATION","PUBLIC SECTOR","1","MIOCCUPATION"
53,"MIOCCUPATION","PRIVATE SECTOR","2","MIOCCUPATION"
96,"MIINSTRUCTIONSTATUS","PARTIALLY CAPTURED","0","MIINSTRUCTIONSTATUS"
97,"MIINSTRUCTIONSTATUS","CAPTURED","1","MIINSTRUCTIONSTATUS"
98,"MIINSTRUCTIONSTATUS","CANCELLED","2","MIINSTRUCTIONSTATUS"
99,"MIINSTRUCTIONSTATUS","PENDING WITH KRA","3","MIINSTRUCTIONSTATUS"
100,"MINONINDPOCDOCUMENT","OTHER","99","MINONINDPOCDOCUMENT"
225,"MIKARTATYPE","PROMOTERS","1","MIKARTATYPE"
226,"MIKARTATYPE","PARTNERS","2","MIKARTATYPE"
227,"MIKARTATYPE","KARTA","3","MIKARTATYPE"
228,"MIKARTATYPE","TRUSTEES","4","MIKARTATYPE"
229,"MIKARTATYPE","WHOLE TIME DIRECTORS","5","MIKARTATYPE"
234,"MIPEPIND","POLITICALLY EXPOSED PERSON","1","MIPEPIND"
235,"MIPEPIND","RELATED TO POLITICALLY EXPOSED PERSON","2","MIPEPIND"
236,"MIPEPIND","BOTH","3","MIPEPIND"
237,"MIPANEXMPTLIST","EXEMPTCATG","1","MIPANEXMPTLIST"
238,"MIPANEXMPTLIST","SIKKIMCATG","2","MIPANEXMPTLIST"
239,"MIPANEXMPTLIST","TRANSMISIN","3","MIPANEXMPTLIST"
240,"MIPANEXMPTLIST","CWRONGNAME","4","MIPANEXMPTLIST"
241,"MIPANEXMPTLIST","WRONGCATGR","5","MIPANEXMPTLIST"
242,"MIPANEXMPTLIST","ITDRCORDER","6","MIPANEXMPTLIST"
243,"KRAINSTRUCTIONSTATUS","PENDING WITH KRA","3","KRAINSTRUCTIONSTATUS"
249,"CERTAUTHLIST","NSDL - Issuing Authority","1","CERTAUTHLIST"
1398,"FUNCTIONIDTYPE","RTA All Screen","800","FUNCTIONIDTYPE"
1399,"FUNCTIONIDTYPE","Bulk Modification-Individual","813","FUNCTIONIDTYPE"
1400,"FUNCTIONIDTYPE","Bulk Modification-Non Individual","814","FUNCTIONIDTYPE"
1401,"FUNCTIONIDTYPE","LCM","815","FUNCTIONIDTYPE"
255,"MINATIONALITY","INDIAN","1","MINATIONALITY"
256,"MINATIONALITY","OTHER","99","MINATIONALITY"
401,"MISTATE","ANDAMAN & NICOBAR ISLANDS","1","MISTATE"
402,"MISTATE","ANDHRA PRADESH","2","MISTATE"
403,"MISTATE","ARUNACHAL PRADESH","3","MISTATE"
404,"MISTATE","ASSAM","4","MISTATE"
405,"MISTATE","BIHAR","5","MISTATE"
406,"MISTATE","CHANDIGARH","6","MISTATE"
407,"MISTATE","DADRA & NAGAR HAVELI","7","MISTATE"
408,"MISTATE","DAMAN & DIU","8","MISTATE"
409,"MISTATE","DELHI","9","MISTATE"
410,"MISTATE","GOA","10","MISTATE"
411,"MISTATE","GUJARAT","11","MISTATE"
412,"MISTATE","HARYANA","12","MISTATE"
413,"MISTATE","HIMACHAL PRADESH","13","MISTATE"
414,"MISTATE","JAMMU & KASHMIR","14","MISTATE"
415,"MISTATE","KARNATAKA","15","MISTATE"
416,"MISTATE","KERALA","16","MISTATE"
417,"MISTATE","LAKHSWADEEP","17","MISTATE"
418,"MISTATE","MADHYA PRADESH","18","MISTATE"
419,"MISTATE","MAHARASHTRA","19","MISTATE"
420,"MISTATE","MANIPUR","20","MISTATE"
421,"MISTATE","MEGHALAYA","21","MISTATE"
422,"MISTATE","MIZORAM","22","MISTATE"
423,"MISTATE","NAGALAND","23","MISTATE"
424,"MISTATE","ORISSA","24","MISTATE"
425,"MISTATE","PONDICHERRY","25","MISTATE"
426,"MISTATE","PUNJAB","26","MISTATE"
427,"MISTATE","RAJASTHAN","27","MISTATE"
428,"MISTATE","SIKKIM","28","MISTATE"
429,"MISTATE","TAMIL NADU","29","MISTATE"
430,"MISTATE","TRIPURA","30","MISTATE"
431,"MISTATE","UTTAR PRADESH","31","MISTATE"
432,"MISTATE","WEST BENGAL","32","MISTATE"
433,"MISTATE","CHHATTISGARH","33","MISTATE"
434,"MISTATE","UTTARANCHAL","34","MISTATE"
435,"MISTATE","JHARKHAND","35","MISTATE"
436,"MISTATE","OTHER","99","MISTATE"
442,"ERRORCODE","Invalid PAN","KRA001","ERRORCODE"
447,"STATUSBYKRA","ACCEPTED BY KRA","4","STATUSBYKRA"
448,"STATUSBYKRA","ON HOLD","6","STATUSBYKRA"
449,"STATUSBYKRA","REJECTED BY KRA","5","STATUSBYKRA"
450,"MIINSTRUCTIONSTATUS","ACCEPTED BY KRA","4","MIINSTRUCTIONSTATUS"
451,"MIINSTRUCTIONSTATUS","REJECTED BY KRA","5","MIINSTRUCTIONSTATUS"
452,"MIINSTRUCTIONSTATUS","ON HOLD","6","MIINSTRUCTIONSTATUS"
1402,"FUNCTIONIDTYPE","MI Registration","816","FUNCTIONIDTYPE"
454,"KRAINSTRUCTIONSTATUS","ACCEPTED BY KRA","4","KRAINSTRUCTIONSTATUS"
455,"KRAINSTRUCTIONSTATUS","REJECTED BY KRA","5","KRAINSTRUCTIONSTATUS"
456,"KRAINSTRUCTIONSTATUS","ON HOLD","6","KRAINSTRUCTIONSTATUS"
461,"MIFILESTSTUS","TRANSFERRED","1","MIFILESTSTUS"
462,"MIFILESTSTUS","ACCEPTED","2","MIFILESTSTUS"
463,"MIFILESTSTUS","REJECTED","3","MIFILESTSTUS"
464,"MIFILESTSTUS","FORMAT_REJECTED","4","MIFILESTSTUS"
465,"MIFILESTSTUS","PARTIALLY_ACCEPTED","5","MIFILESTSTUS"
466,"MIFILESTSTUS","VERIFY_RELEASED","6","MIFILESTSTUS"
467,"MIFILESTSTUS","SENT_TO_NSDL","7","MIFILESTSTUS"
468,"MIFILESTSTUS","CANCELLED","8","MIFILESTSTUS"
469,"MIFILESTSTUS","PROCESSED","9","MIFILESTSTUS"
470,"MIFILESTSTUS","MERGED","10","MIFILESTSTUS"
471,"MIFILESTSTUS","INPROGRESS","11","MIFILESTSTUS"
1403,"FUNCTIONIDTYPE","Billing","817","FUNCTIONIDTYPE"
474,"XMPTPAN","SIKKIM RESIDENT ","1","XMPTPAN"
475,"XMPTPAN","TRANSACTIONS CARRIED OUT ON BELHAF OF  STATE GOVT ","2","XMPTPAN"
476,"XMPTPAN","TRANSACTIONS CARRIED OUT ON BEHALF OF CENTRAL GOVT ","3","XMPTPAN"
477,"XMPTPAN","COURT APPOINTED OFFICIALS ","4","XMPTPAN"
478,"XMPTPAN","UN ENTITY/MULTILATERAL AGENCY EXEMPT FROM PAYING TAX IN INDIA ","5","XMPTPAN"
479,"XMPTPAN","OFFICIAL LIQUIDATOR ","6","XMPTPAN"
480,"XMPTPAN","COURT RECEIVER ","7","XMPTPAN"
481,"XMPTPAN","SIP OF MUTUAL FUNDS UPTO RS. 50,000/- P.A.","8","XMPTPAN"
541,"ERRORCODE","Applicant Name Is Required.","MI0001","ERRORCODE"
542,"ERRORCODE","Father's Name Is Required.","MI0002","ERRORCODE"
543,"ERRORCODE","Gender Is Required.","MI0003","ERRORCODE"
473,"CERTAUTHLIST","TCS sub-CA for TCS 2011","10","CERTAUTHLIST"
544,"ERRORCODE","Marital Status Is Required.","MI0004","ERRORCODE"
545,"ERRORCODE","Birth Date Is Required.","MI0005","ERRORCODE"
546,"ERRORCODE","PAN Is Required.","MI0006","ERRORCODE"
547,"ERRORCODE","Resident Status Is Required.","MI0007","ERRORCODE"
548,"ERRORCODE","Nationality Is Required.","MI0008","ERRORCODE"
549,"ERRORCODE","POI Proof Type Is Required.","MI0009","ERRORCODE"
550,"ERRORCODE","POI Other Proof Type Is Required.","MI0010","ERRORCODE"
551,"ERRORCODE","Correspondance Address Is Required.","MI0011","ERRORCODE"
1415,"ERRORCODE","Pan already verify released.","MI0073","ERRORCODE"
553,"ERRORCODE","Correspondance State Is Required.","MI0013","ERRORCODE"
554,"ERRORCODE","Correspondance Country Is Required.","MI0014","ERRORCODE"
555,"ERRORCODE","Correspondance Address Proof Type Is Required.","MI0015","ERRORCODE"
556,"ERRORCODE","Correspondance Address Other Proof Type Is Required.","MI0016","ERRORCODE"
557,"ERRORCODE","Permanent Address Is Required.","MI0017","ERRORCODE"
559,"ERRORCODE","Permanent State Is Required.","MI0019","ERRORCODE"
560,"ERRORCODE","Permanent Country Is Required.","MI0020","ERRORCODE"
561,"ERRORCODE","Permanent Address Proof Type Is Required.","MI0021","ERRORCODE"
562,"ERRORCODE","Permanent Address Other Proof Type Is Required.","MI0022","ERRORCODE"
563,"ERRORCODE","Gross Annual Income Or Net Worth Is Required.","MI0023","ERRORCODE"
564,"ERRORCODE","Net Worth Date Is Required.","MI0024","ERRORCODE"
565,"ERRORCODE","Client PEP Indicator Is Required.","MI0025","ERRORCODE"
566,"ERRORCODE","Client Occupation Is Required.","MI0026","ERRORCODE"
567,"ERRORCODE","Client Other Occupation Is Required.","MI0027","ERRORCODE"
568,"ERRORCODE","Number Of Documents Uploaded Is Required.","MI0028","ERRORCODE"
569,"ERRORCODE","Declaration Date Is Required.","MI0029","ERRORCODE"
570,"ERRORCODE","Date Of Incorporation Is Requierd.","MI0030","ERRORCODE"
571,"ERRORCODE","Place Of Incorporation Is Required.","MI0031","ERRORCODE"
572,"ERRORCODE","Date Of Commencement Is Reuired.","MI0032","ERRORCODE"
573,"ERRORCODE","Company Status Is Required.","MI0033","ERRORCODE"
574,"ERRORCODE","Company Other Status Is Required.","MI0034","ERRORCODE"
575,"ERRORCODE","Same user cannot Capture and Verify the Instruction.","MI0035","ERRORCODE"
576,"ERRORCODE","Same Client Already Registred.","MI0036","ERRORCODE"
1416,"ERRORCODE","Pan data not downloaded.","MI0074","ERRORCODE"
578,"ERRORCODE","Self Attested Documents Received Is Required.","MI0038","ERRORCODE"
579,"ERRORCODE","Invalid detail record length","UDP0001","ERRORCODE"
580,"ERRORCODE","Record already present in the file","UDP0002","ERRORCODE"
581,"ERRORCODE","Invalid batch number","UDP0003","ERRORCODE"
582,"ERRORCODE","Header batch number is not number","UDP0004","ERRORCODE"
583,"ERRORCODE","Header batch invalid branch code","UDP0005","ERRORCODE"
584,"ERRORCODE","Invalid intermediary id","UDP0006","ERRORCODE"
585,"ERRORCODE","Intermediary role is not number","UDP0007","ERRORCODE"
586,"ERRORCODE","Invalid intermediary role","UDP0008","ERRORCODE"
587,"ERRORCODE","Invalid header detail count","UDP0009","ERRORCODE"
588,"ERRORCODE","Header detail count is not number","UDP0010","ERRORCODE"
589,"ERRORCODE","Invalid header sender date","UDP0011","ERRORCODE"
590,"ERRORCODE","Invalid header record type","UDP0013","ERRORCODE"
591,"ERRORCODE","Not a header","UDP0012","ERRORCODE"
592,"ERRORCODE","Not a detail record type","UDP0014","ERRORCODE"
593,"ERRORCODE","Invalid detail record type","UDP0015","ERRORCODE"
594,"ERRORCODE","Detail line number is not number","UDP0016","ERRORCODE"
595,"ERRORCODE","Invalid detail line number","UDP0017","ERRORCODE"
596,"ERRORCODE","Not a detail transaction status","UDP0018","ERRORCODE"
1133,"MICOUNTRY","NORWAY","136","MICOUNTRY"
558,"ERRORCODE","PIN Code Required In Permanent Address","MI0018","ERRORCODE"
597,"ERRORCODE","Invalid detail transaction status","UDP0019","ERRORCODE"
598,"ERRORCODE","Format error in detail client name","UDP0020","ERRORCODE"
599,"ERRORCODE","Invalid detail client name","UDP0021","ERRORCODE"
600,"ERRORCODE","Format error in detail father or husband name","UDP0022","ERRORCODE"
601,"ERRORCODE","Invalid detail father or husband name","UDP0023","ERRORCODE"
603,"ERRORCODE","Invalid detail gender","UDP0025","ERRORCODE"
604,"ERRORCODE","Format error in detail marital status","UDP0026","ERRORCODE"
605,"ERRORCODE","Invalid detail marital status","UDP0027","ERRORCODE"
606,"ERRORCODE","Format error in detail dob","UDP0028","ERRORCODE"
607,"ERRORCODE","Invalid detail dob","UDP0029","ERRORCODE"
608,"ERRORCODE","Format error in detail docs for PAN exempt","UDP0030","ERRORCODE"
609,"ERRORCODE","Invalid detail docs for PAN exempt","UDP0031","ERRORCODE"
610,"ERRORCODE","Invalid detail pan or PAN exempt","UDP0032","ERRORCODE"
611,"ERRORCODE","Invalid detail UID","UDP0033","ERRORCODE"
612,"ERRORCODE","Format error in detail status","UDP0034","ERRORCODE"
613,"ERRORCODE","Invalid detail status","UDP0035","ERRORCODE"
614,"ERRORCODE","Format error in detail nationality","UDP0036","ERRORCODE"
615,"ERRORCODE","Format error in detail other nationality","UDP0037","ERRORCODE"
616,"ERRORCODE","Invalid nationality","UDP0038","ERRORCODE"
617,"ERRORCODE","Format error in detail identity proof","UDP0039","ERRORCODE"
618,"ERRORCODE","Format error in detail identity proof others","UDP0040","ERRORCODE"
619,"ERRORCODE","Invalid detail identity proof","UDP0041","ERRORCODE"
620,"ERRORCODE","Format error in detail correspondence address1","UDP0042","ERRORCODE"
621,"ERRORCODE","Invalid detail correspondence address1","UDP0043","ERRORCODE"
622,"ERRORCODE","Format error in detail correspondence address2","UDP0044","ERRORCODE"
623,"ERRORCODE","Format error in detail correspondence address3","UDP0045","ERRORCODE"
624,"ERRORCODE","Format error in detail correspondence city","UDP0046","ERRORCODE"
625,"ERRORCODE","Format error in detail correspondence pin code","UDP0047","ERRORCODE"
626,"ERRORCODE","Invalid detail correspondence pin code","UDP0048","ERRORCODE"
627,"ERRORCODE","Format error in detail correspondence state","UDP0049","ERRORCODE"
628,"ERRORCODE","Format error in detail correspondence state others","UDP0050","ERRORCODE"
629,"ERRORCODE","Invalid detail correspondence state","UDP0051","ERRORCODE"
630,"ERRORCODE","Format error in detail correspondence country","UDP0052","ERRORCODE"
631,"ERRORCODE","Invalid detail correspondence country","UDP0053","ERRORCODE"
632,"ERRORCODE","Format error in detail correspondence address proof","UDP0054","ERRORCODE"
633,"ERRORCODE","Format error in detail correspondence address proof other","UDP0055","ERRORCODE"
634,"ERRORCODE","Invalid detail correspondence address proof","UDP0056","ERRORCODE"
635,"ERRORCODE","Format error detail telephone office","UDP0057","ERRORCODE"
636,"ERRORCODE","Format error detail telephone res","UDP0058","ERRORCODE"
637,"ERRORCODE","Format error detail mobile","UDP0059","ERRORCODE"
638,"ERRORCODE","Format error detail fax","UDP0060","ERRORCODE"
639,"ERRORCODE","Format error in detail perm address1","UDP1058","ERRORCODE"
640,"ERRORCODE","Invalid detail perm address1","UDP2058","ERRORCODE"
641,"ERRORCODE","Format error in detail perm address2","UDP1060","ERRORCODE"
642,"ERRORCODE","Format error in detail perm address3","UDP0061","ERRORCODE"
643,"ERRORCODE","Format error in detail perm city","UDP0062","ERRORCODE"
644,"ERRORCODE","Format error in detail perm pin code","UDP0063","ERRORCODE"
645,"ERRORCODE","Invalid detail perm pin code","UDP0064","ERRORCODE"
646,"ERRORCODE","Format error in detail perm state","UDP0065","ERRORCODE"
647,"ERRORCODE","Format error in detail perm state others","UDP0066","ERRORCODE"
648,"ERRORCODE","Invalid detail perm state others","UDP0067","ERRORCODE"
649,"ERRORCODE","Format error in detail perm country","UDP0068","ERRORCODE"
650,"ERRORCODE","Invalid detail perm country","UDP0069","ERRORCODE"
651,"ERRORCODE","Format error in detail perm address proof","UDP0070","ERRORCODE"
652,"ERRORCODE","Format error in detail perm address proof other","UDP0071","ERRORCODE"
653,"ERRORCODE","Invalid detail perm address proof","UDP0072","ERRORCODE"
654,"ERRORCODE","Format error in detail gross annual income range","UDP0073","ERRORCODE"
655,"ERRORCODE","Format error in detail net worth","UDP0074","ERRORCODE"
656,"ERRORCODE","Format error in detail net worth as on date","UDP0075","ERRORCODE"
730,"MIINSTRUCTIONSTATUS","SENT TO OTHER KRA","7","MIINSTRUCTIONSTATUS"
657,"ERRORCODE","Detail net worth as on date is mandatory","UDP0076","ERRORCODE"
658,"ERRORCODE","Invalid detail net worth","UDP0077","ERRORCODE"
659,"ERRORCODE","Format error in detail politically exposed person","UDP0078","ERRORCODE"
660,"ERRORCODE","Invalid detail politically exposed person","UDP0079","ERRORCODE"
661,"ERRORCODE","Format error in detail occupation","UDP0080","ERRORCODE"
662,"ERRORCODE","Format error in detail occupation details","UDP0081","ERRORCODE"
663,"ERRORCODE","Invalid detail occupation","UDP0082","ERRORCODE"
664,"ERRORCODE","Format error in detail other information","UDP0083","ERRORCODE"
665,"ERRORCODE","Format error in detail date of declaration","UDP0084","ERRORCODE"
666,"ERRORCODE","Invalid detail date of declaration","UDP0085","ERRORCODE"
667,"ERRORCODE","Invalid detail original docs received","UDP0086","ERRORCODE"
668,"ERRORCODE","Invalid detail self certified docs received","UDP0087","ERRORCODE"
669,"ERRORCODE","Invalid detail sender ref num1","UDP0088","ERRORCODE"
670,"ERRORCODE","Invalid detail sender ref num12","UDP0089","ERRORCODE"
671,"ERRORCODE","Invalid user","UDP0090","ERRORCODE"
672,"ERRORCODE","Client name is required","UDP0090","ERRORCODE"
673,"ERRORCODE","Father or husband name is required","UDP0091","ERRORCODE"
674,"ERRORCODE","Gender required","UDP0092","ERRORCODE"
675,"ERRORCODE","Date of birth is required","UDP0093","ERRORCODE"
676,"ERRORCODE","Pan number is required","UDP0094","ERRORCODE"
677,"ERRORCODE","Res status is required","UDP0095","ERRORCODE"
678,"ERRORCODE","Identity proof is required","UDP0096","ERRORCODE"
679,"ERRORCODE","Other identity proof is required","UDP0097","ERRORCODE"
680,"ERRORCODE","Correspondence address1 is required","UDP0098","ERRORCODE"
681,"ERRORCODE","Correspondence pin code is required","UDP0099","ERRORCODE"
682,"ERRORCODE","State is required","UDP0100","ERRORCODE"
683,"ERRORCODE","Country is required","UDP0101","ERRORCODE"
684,"ERRORCODE","Address proofs required","UDP0102","ERRORCODE"
685,"ERRORCODE","Permanent address1 is required","UDP0103","ERRORCODE"
686,"ERRORCODE","Permanent pin code is required","UDP0104","ERRORCODE"
687,"ERRORCODE","Permanent state is required","UDP0105","ERRORCODE"
688,"ERRORCODE","Permanent country is required","UDP0106","ERRORCODE"
689,"ERRORCODE","Other proof type of permanent address is required","UDP0107","ERRORCODE"
690,"ERRORCODE","Net worth or gross annual income is required","UDP0108","ERRORCODE"
691,"ERRORCODE","Net worth as on date is required","UDP0109","ERRORCODE"
692,"ERRORCODE","Permanent address proof is required","UDP0110","ERRORCODE"
693,"ERRORCODE","Pep indicator is required","UDP0111","ERRORCODE"
694,"ERRORCODE","Declaration date required","UDP0112","ERRORCODE"
696,"ERRORCODE","Invalid branch code","UDP0114","ERRORCODE"
697,"ERRORCODE","Invalid header batch number","UDP0115","ERRORCODE"
698,"ERRORCODE","Format error detail email id","UDP0116","ERRORCODE"
699,"ERRORCODE","Invalid detail received at date","UDP0117","ERRORCODE"
701,"ERRORCODE","File is blank","UDP0119","ERRORCODE"
702,"ERRORCODE","Stats is required","UDP0120","ERRORCODE"
703,"ERRORCODE","Other nationality required","UDP0121","ERRORCODE"
704,"ERRORCODE","Invalid pan non individual","UDP0122","ERRORCODE"
705,"ERRORCODE","Mismatch detail count and karta detail count","UDP0123","ERRORCODE"
706,"ERRORCODE","Invalid length detail record header","UDP0124","ERRORCODE"
707,"ERRORCODE","Invalid length detail record","UDP0125","ERRORCODE"
708,"ERRORCODE","Invalid length record type","UDP0126","ERRORCODE"
1187,"MICOUNTRY","VANUATU","190","MICOUNTRY"
709,"ERRORCODE","Invalid header","UDP0127","ERRORCODE"
710,"ERRORCODE","First record can¿t be type 05","UDP0128","ERRORCODE"
711,"ERRORCODE","Not detail header record","UDP0129","ERRORCODE"
712,"ERRORCODE","Detail status is blank","UDP0130","ERRORCODE"
713,"ERRORCODE","Correspondence add proof is blank","UDP0131","ERRORCODE"
714,"ERRORCODE","Id proof is blank","UDP0132","ERRORCODE"
715,"ERRORCODE","Present add proof is blank","UDP0133","ERRORCODE"
716,"ERRORCODE","Present and correspondence add not same","UDP0134","ERRORCODE"
717,"ERRORCODE","Present and correspondence add check flag required","UDP0135","ERRORCODE"
718,"ERRORCODE","Among two address field one can¿t be blank","UDP0136","ERRORCODE"
719,"ERRORCODE","Present and correspondence add check flag can¿t be blank","UDP0137","ERRORCODE"
720,"ERRORCODE","Permanent country is invalid","UDP0138","ERRORCODE"
721,"ERRORCODE","Permanent state is invalid","UDP0139","ERRORCODE"
722,"ERRORCODE","Incorporation date invalid format.","MI0039","ERRORCODE"
723,"ERRORCODE","Date of commencement is invalid format.","MI0040","ERRORCODE"
724,"ERRORCODE","Correspondence address proof is required.","MI0041","ERRORCODE"
725,"ERRORCODE","Other proof type of correspondence address is required.","MI0042","ERRORCODE"
726,"ERRORCODE","Karta type invalid.","MI0043","ERRORCODE"
727,"ERRORCODE","Pan mismatch.","MI0044","ERRORCODE"
728,"ERRORCODE","Invalid line number.","MI0045","ERRORCODE"
729,"ERRORCODE","Client occupation is invalid.","MI0046","ERRORCODE"
732,"CERTAUTHLIST","e-Mudhra Sub CA for Class 3 Organisation 2011","11","CERTAUTHLIST"
250,"CERTAUTHLIST","Tata Consultancy Services Certifying Authority","2","CERTAUTHLIST"
1,"MIPOIDOCUMENT","PAN","5","MIPOIDOCUMENT"
4,"MIPOIDOCUMENT","PASSPORT","2","MIPOIDOCUMENT"
5,"MIPOIDOCUMENT","VOTER ID CARD","3","MIPOIDOCUMENT"
6,"MIPOIDOCUMENT","DRIVING LICENSE","4","MIPOIDOCUMENT"
7,"MIPOIDOCUMENT","UID","1","MIPOIDOCUMENT"
8,"MIPOIDOCUMENT","ID ISSUED BY CENTRAL STATE GOVERNMENT","6","MIPOIDOCUMENT"
9,"MIPOIDOCUMENT","ID ISSUED BY STATUTORY REGULATORY AUTHORITIES","7","MIPOIDOCUMENT"
10,"MIPOIDOCUMENT","ID ISSUED BY PUBLIC FINANCIAL INSTITUTION","10","MIPOIDOCUMENT"
11,"MIPOIDOCUMENT","ID ISSUED BY COLLEGE AFFILIATED TO UNIVERSITIES","11","MIPOIDOCUMENT"
12,"MIPOIDOCUMENT","ID ISSUED BY PROFESSIONAL BODIES SUCH AS ICAI ICWAI ICSI BAR COUNCIL ETC","12","MIPOIDOCUMENT"
13,"MIPOIDOCUMENT","CREDIT OR DEBIT CARD ISSUED BY BANKS","13","MIPOIDOCUMENT"
93,"MIPOIDOCUMENT","OTHER","99","MIPOIDOCUMENT"
793,"MIPOIDOCUMENT","ID CARD WITH PHOTO ISSUED BY PUBLIC SECTOR UNDERTAKINGS","8","MIPOIDOCUMENT"
794,"MIPOIDOCUMENT","ID CARD WITH PHOTO ISSUED BY SCHEDULED COMMERCIAL BANKS","9","MIPOIDOCUMENT"
15,"MIPOCDOCUMENT","PASSPORT","1","MIPOCDOCUMENT"
16,"MIPOCDOCUMENT","VOTER ID CARD","2","MIPOCDOCUMENT"
14,"MIPOCDOCUMENT","RATION CARD","3","MIPOCDOCUMENT"
17,"MIPOCDOCUMENT","REGISTERED LEASE OR SALE AGREEMENT OF RESIDENCE","4","MIPOCDOCUMENT"
18,"MIPOCDOCUMENT","DRIVING LICENSE","5","MIPOCDOCUMENT"
19,"MIPOCDOCUMENT","FLAT MAINTENANCE BILL","6","MIPOCDOCUMENT"
20,"MIPOCDOCUMENT","INSURANCE COPY","7","MIPOCDOCUMENT"
21,"MIPOCDOCUMENT","LANDLINE TELEPHONE/ELECTRICITY/GAS BILL","8","MIPOCDOCUMENT"
22,"MIPOCDOCUMENT","BANK ACCOUNT STATEMENT/PASSBOOK","9","MIPOCDOCUMENT"
23,"MIPOCDOCUMENT","ADDRESS IN THE NAME OF SPOUSE","25","MIPOCDOCUMENT"
24,"MIPOCDOCUMENT","OTHER","99","MIPOCDOCUMENT"
25,"MIPOCDOCUMENT","SELF DECLARATION BY HIGH COURT AND SUPREME COURT JUDGES","10","MIPOCDOCUMENT"
26,"MIPOCDOCUMENT","PROOF OF ADDRESS ISSUED BY BANK MANAGERS OF SCHEDULED\ FOREIGN BANKS","11","MIPOCDOCUMENT"
27,"MIPOCDOCUMENT","ADDRESS ISSUED BY GAZETTED OFFICER","12","MIPOCDOCUMENT"
28,"MIPOCDOCUMENT","ADDRESS ISSUED BY NOTARY PUBLIC","13","MIPOCDOCUMENT"
29,"MIPOCDOCUMENT","ADDRESS ISSUED BY MEMBERS OF LEGISLATIVE ASSEMBLY","14","MIPOCDOCUMENT"
30,"MIPOCDOCUMENT","ADDRESS ISSUED BY PARLIAMENT","15","MIPOCDOCUMENT"
94,"MIPOCDOCUMENT","ADDRESS ISSUED BY GOVERNMENT OR STATUTORY AUTHORITY","16","MIPOCDOCUMENT"
783,"MIPOCDOCUMENT","IDENTITY CARD ISSUED BY CENTRAL STATE GOVERNMENT","17","MIPOCDOCUMENT"
784,"MIPOCDOCUMENT","IDENTITY CARD ISSUED BY STATUTORY REGULATORY AUTHORITIES","18","MIPOCDOCUMENT"
785,"MIPOCDOCUMENT","ID CARD WITH PHOTO ISSUED BY PUBLIC SECTOR UNDERTAKINGS","19","MIPOCDOCUMENT"
786,"MIPOCDOCUMENT","ID CARD WITH PHOTO ISSUED BY SCHEDULED COMMERCIAL BANKS","20","MIPOCDOCUMENT"
787,"MIPOCDOCUMENT","IDENTITY CARD ISSUED BY PUBLIC FINANCIAL  INSTITUTION","21","MIPOCDOCUMENT"
788,"MIPOCDOCUMENT","IDENTITY CARD ISSUED BY COLLEGE AFFILIATED TO UNIVERSITIES","22","MIPOCDOCUMENT"
789,"MIPOCDOCUMENT","POI ISSUED BY PROFESSIONAL BODIES SUCH AS ICAI ICWAI ICSI BAR COUNCIL ETC","23","MIPOCDOCUMENT"
790,"MIPOCDOCUMENT","POWER OF ATTORNEY GIVEN BY FII SUB ACCOUNT TO CUSTODIAN GIVING REGISTERED ADDRESS","24","MIPOCDOCUMENT"
31,"MIPOPDOCUMENT","PASSPORT","1","MIPOPDOCUMENT"
32,"MIPOPDOCUMENT","VOTER ID CARD","2","MIPOPDOCUMENT"
33,"MIPOPDOCUMENT","RATION CARD","3","MIPOPDOCUMENT"
34,"MIPOPDOCUMENT","REGISTERED LEASE OR SALE AGREEMENT OF RESIDENCE","4","MIPOPDOCUMENT"
35,"MIPOPDOCUMENT","DRIVING LICENSE","5","MIPOPDOCUMENT"
36,"MIPOPDOCUMENT","FLAT MAINTENANCE BILL","6","MIPOPDOCUMENT"
37,"MIPOPDOCUMENT","INSURANCE COPY","7","MIPOPDOCUMENT"
38,"MIPOPDOCUMENT","LANDLINE TELEPHONE/ELECTRICITY/GAS BILL","8","MIPOPDOCUMENT"
39,"MIPOPDOCUMENT","BANK ACCOUNT STATEMENT/PASSBOOK","9","MIPOPDOCUMENT"
52,"MIPOPDOCUMENT","ADDRESS IN THE NAME OF SPOUSE","25","MIPOPDOCUMENT"
95,"MIPOPDOCUMENT","OTHER","99","MIPOPDOCUMENT"
760,"MIPOPDOCUMENT","SELF DECLARATION BY HIGH COURT AND SUPREME COURT JUDGES","10","MIPOPDOCUMENT"
761,"MIPOPDOCUMENT","PROOF OF ADDRESS ISSUED BY BANK MANAGERS OF SCHEDULED\ FOREIGN BANKS","11","MIPOPDOCUMENT"
762,"MIPOPDOCUMENT","ADDRESS ISSUED BY GAZETTED OFFICER","12","MIPOPDOCUMENT"
763,"MIPOPDOCUMENT","ADDRESS ISSUED BY NOTARY PUBLIC","13","MIPOPDOCUMENT"
764,"MIPOPDOCUMENT","ADDRESS ISSUED BY MEMBERS OF LEGISLATIVE ASSEMBLY","14","MIPOPDOCUMENT"
765,"MIPOPDOCUMENT","ADDRESS ISSUED BY PARLIAMENT","15","MIPOPDOCUMENT"
766,"MIPOPDOCUMENT","ADDRESS ISSUED BY GOVERNMENT OR STATUTORY AUTHORITY","16","MIPOPDOCUMENT"
767,"MIPOPDOCUMENT","IDENTITY CARD ISSUED BY CENTRAL STATE GOVERNMENT","17","MIPOPDOCUMENT"
768,"MIPOPDOCUMENT","IDENTITY CARD ISSUED BY STATUTORY REGULATORY AUTHORITIES","18","MIPOPDOCUMENT"
769,"MIPOPDOCUMENT","ID CARD WITH PHOTO ISSUED BY PUBLIC SECTOR UNDERTAKINGS","19","MIPOPDOCUMENT"
770,"MIPOPDOCUMENT","ID CARD WITH PHOTO ISSUED BY SCHEDULED COMMERCIAL BANKS","20","MIPOPDOCUMENT"
771,"MIPOPDOCUMENT","IDENTITY CARD ISSUED BY PUBLIC FINANCIAL  INSTITUTION","21","MIPOPDOCUMENT"
772,"MIPOPDOCUMENT","IDENTITY CARD ISSUED BY COLLEGE AFFILIATED TO UNIVERSITIES","22","MIPOPDOCUMENT"
773,"MIPOPDOCUMENT","POI ISSUED BY PROFESSIONAL BODIES SUCH AS ICAI ICWAI ICSI BAR COUNCIL ETC","23","MIPOPDOCUMENT"
774,"MIPOPDOCUMENT","POWER OF ATTORNEY GIVEN BY FII SUB ACCOUNT TO CUSTODIAN GIVING REGISTERED ADDRESS","24","MIPOPDOCUMENT"
795,"ERRORCODE","Promoter karta count is required.","MI0053","ERRORCODE"
796,"ERRORCODE","Promoter Karta count format is invalid","MI0054","ERRORCODE"
797,"ERRORCODE","Karta Other state is required","MI0052","ERRORCODE"
1076,"MICOUNTRY","GUINEA-BISSAU","79","MICOUNTRY"
1077,"MICOUNTRY","GUYANA","80","MICOUNTRY"
1078,"MICOUNTRY","HAITI","81","MICOUNTRY"
1079,"MICOUNTRY","HONDURAS","82","MICOUNTRY"
1080,"MICOUNTRY","HONGKONG","83","MICOUNTRY"
1081,"MICOUNTRY","ICELAND","84","MICOUNTRY"
1082,"MICOUNTRY","INDIA","85","MICOUNTRY"
1083,"MICOUNTRY","INDONESIA","86","MICOUNTRY"
1084,"MICOUNTRY","IRAN","87","MICOUNTRY"
1085,"MICOUNTRY","IRAQ","88","MICOUNTRY"
1086,"MICOUNTRY","IRELAND","89","MICOUNTRY"
1087,"MICOUNTRY","ISRAEL","90","MICOUNTRY"
1088,"MICOUNTRY","ITALY","91","MICOUNTRY"
1089,"MICOUNTRY","JAMAICA","92","MICOUNTRY"
1090,"MICOUNTRY","JAPAN","93","MICOUNTRY"
1091,"MICOUNTRY","JORDAN","94","MICOUNTRY"
1092,"MICOUNTRY","KAZAKSTAN","95","MICOUNTRY"
1093,"MICOUNTRY","KENYA","96","MICOUNTRY"
1094,"MICOUNTRY","KUWAIT","97","MICOUNTRY"
1095,"MICOUNTRY","KYRGYZSTAN","98","MICOUNTRY"
1096,"MICOUNTRY","LAOS","99","MICOUNTRY"
1097,"MICOUNTRY","LATVIA","100","MICOUNTRY"
1098,"MICOUNTRY","LEBANON","101","MICOUNTRY"
1099,"MICOUNTRY","LESOTHO","102","MICOUNTRY"
1100,"MICOUNTRY","LIBERIA","103","MICOUNTRY"
1101,"MICOUNTRY","LIBYA","104","MICOUNTRY"
1102,"MICOUNTRY","LITHUANIA","105","MICOUNTRY"
1103,"MICOUNTRY","LUXEMBOURG","106","MICOUNTRY"
1104,"MICOUNTRY","MACAU","107","MICOUNTRY"
1105,"MICOUNTRY","MACEDONIA","108","MICOUNTRY"
1106,"MICOUNTRY","MADAGASCAR","109","MICOUNTRY"
1107,"MICOUNTRY","MALAWI","110","MICOUNTRY"
1108,"MICOUNTRY","MALAYSIA","111","MICOUNTRY"
1109,"MICOUNTRY","MALDIVES","112","MICOUNTRY"
1110,"MICOUNTRY","MALI","113","MICOUNTRY"
1111,"MICOUNTRY","MALTA","114","MICOUNTRY"
1112,"MICOUNTRY","MAURITANIA","115","MICOUNTRY"
1113,"MICOUNTRY","MAURITIUS","116","MICOUNTRY"
1114,"MICOUNTRY","MEXICO","117","MICOUNTRY"
1115,"MICOUNTRY","MOLDOVA","118","MICOUNTRY"
1116,"MICOUNTRY","MONETARY AUTHORITIES","119","MICOUNTRY"
1117,"MICOUNTRY","MONGOLIA","120","MICOUNTRY"
1118,"MICOUNTRY","MONTSERRAT","121","MICOUNTRY"
1119,"MICOUNTRY","MOROCCA","122","MICOUNTRY"
1120,"MICOUNTRY","MOZAMBIQUE","123","MICOUNTRY"
1121,"MICOUNTRY","MYANMAR","124","MICOUNTRY"
1122,"MICOUNTRY","NAMIBIA","125","MICOUNTRY"
1123,"MICOUNTRY","NEPAL","126","MICOUNTRY"
1124,"MICOUNTRY","NETHERLANDS","127","MICOUNTRY"
1125,"MICOUNTRY","NETHERLANDS ANTILLES","128","MICOUNTRY"
1126,"MICOUNTRY","NEW CALEDONIA","129","MICOUNTRY"
1127,"MICOUNTRY","NEW ZEALAND","130","MICOUNTRY"
1128,"MICOUNTRY","NICARAGUA","131","MICOUNTRY"
1129,"MICOUNTRY","NIGER","132","MICOUNTRY"
1130,"MICOUNTRY","NIGERIA","133","MICOUNTRY"
1131,"MICOUNTRY","NO SPECIFIC COUNTRY","134","MICOUNTRY"
1132,"MICOUNTRY","NORTH KOREA","135","MICOUNTRY"
1134,"MICOUNTRY","OMAN","137","MICOUNTRY"
1135,"MICOUNTRY","PAKISTAN","138","MICOUNTRY"
1136,"MICOUNTRY","PANAMA","139","MICOUNTRY"
1137,"MICOUNTRY","PAPUA NEW GUINEA","140","MICOUNTRY"
1138,"MICOUNTRY","PARAGUAY","141","MICOUNTRY"
1139,"MICOUNTRY","PERU","142","MICOUNTRY"
1140,"MICOUNTRY","PHILIPPINES","143","MICOUNTRY"
1141,"MICOUNTRY","POLAND","144","MICOUNTRY"
1142,"MICOUNTRY","PORTUGAL","145","MICOUNTRY"
1143,"MICOUNTRY","QATAR","146","MICOUNTRY"
1144,"MICOUNTRY","ROMANIA","147","MICOUNTRY"
1145,"MICOUNTRY","RUSSIA","148","MICOUNTRY"
1146,"MICOUNTRY","RWANDA","149","MICOUNTRY"
1147,"MICOUNTRY","SAN TOME AND PRINCIPE","150","MICOUNTRY"
1148,"MICOUNTRY","SAUDI ARABIA","151","MICOUNTRY"
1149,"MICOUNTRY","SENEGAL","152","MICOUNTRY"
1150,"MICOUNTRY","SEYCHELLES","153","MICOUNTRY"
1151,"MICOUNTRY","SINGAPORE","154","MICOUNTRY"
1152,"MICOUNTRY","SLOVAKIA","155","MICOUNTRY"
1153,"MICOUNTRY","SLOVENIA","156","MICOUNTRY"
1154,"MICOUNTRY","SOLOMON ISLANDS","157","MICOUNTRY"
1155,"MICOUNTRY","SOMALIA","158","MICOUNTRY"
1156,"MICOUNTRY","SOUTH AFRICA","159","MICOUNTRY"
1157,"MICOUNTRY","SOUTH KOREA","160","MICOUNTRY"
1158,"MICOUNTRY","SPAIN","161","MICOUNTRY"
1159,"MICOUNTRY","SRI LANKA","162","MICOUNTRY"
1160,"MICOUNTRY","ST. HELENA","163","MICOUNTRY"
1161,"MICOUNTRY","ST. KITTS AND NEVIS","164","MICOUNTRY"
1162,"MICOUNTRY","ST. VINCENT AND GRENADINES","165","MICOUNTRY"
1163,"MICOUNTRY","ST.LUCIA","166","MICOUNTRY"
1164,"MICOUNTRY","SUDAN","167","MICOUNTRY"
1165,"MICOUNTRY","SURINAME","168","MICOUNTRY"
1166,"MICOUNTRY","SWAZILAND","169","MICOUNTRY"
1167,"MICOUNTRY","SWEDEN","170","MICOUNTRY"
1168,"MICOUNTRY","SWITZERLAND","171","MICOUNTRY"
1169,"MICOUNTRY","SYRIA","172","MICOUNTRY"
1170,"MICOUNTRY","TAIWAN","173","MICOUNTRY"
1171,"MICOUNTRY","TAJIKISTHAN","174","MICOUNTRY"
1172,"MICOUNTRY","TANZANIA","175","MICOUNTRY"
1188,"MICOUNTRY","VENEZUELA","191","MICOUNTRY"
1189,"MICOUNTRY","VIETNAM","192","MICOUNTRY"
1190,"MICOUNTRY","WEST AFRICA","193","MICOUNTRY"
1191,"MICOUNTRY","WESTERN SAMOA","194","MICOUNTRY"
1192,"MICOUNTRY","YEMEN","195","MICOUNTRY"
1193,"MICOUNTRY","YUGOSLAVIAN","196","MICOUNTRY"
1194,"MICOUNTRY","ZAIRE","197","MICOUNTRY"
1195,"MICOUNTRY","ZAMBIA","198","MICOUNTRY"
1196,"MICOUNTRY","ZIMBABWE","199","MICOUNTRY"
998,"MICOUNTRY","AFGHANISTAN","01","MICOUNTRY"
999,"MICOUNTRY","ALBENIA","02","MICOUNTRY"
1000,"MICOUNTRY","ALGERIA","03","MICOUNTRY"
1001,"MICOUNTRY","ANGOLA","04","MICOUNTRY"
1002,"MICOUNTRY","ARGENTINA","05","MICOUNTRY"
1003,"MICOUNTRY","ARMENIA","06","MICOUNTRY"
1004,"MICOUNTRY","ARUBA","07","MICOUNTRY"
1005,"MICOUNTRY","AUSTRALIA","08","MICOUNTRY"
1006,"MICOUNTRY","AUSTRIA","09","MICOUNTRY"
1007,"MICOUNTRY","AZARBAIJAN","10","MICOUNTRY"
1008,"MICOUNTRY","BAHAMAS","11","MICOUNTRY"
1009,"MICOUNTRY","BAHRAIN","12","MICOUNTRY"
1010,"MICOUNTRY","BANGLADESH","13","MICOUNTRY"
1011,"MICOUNTRY","BARBADOS","14","MICOUNTRY"
1012,"MICOUNTRY","BELARUS","15","MICOUNTRY"
1013,"MICOUNTRY","BELGIUM","16","MICOUNTRY"
1014,"MICOUNTRY","BELIZE","17","MICOUNTRY"
1015,"MICOUNTRY","BENIN","18","MICOUNTRY"
1016,"MICOUNTRY","BERMUDA","19","MICOUNTRY"
1017,"MICOUNTRY","BHUTAN","20","MICOUNTRY"
1018,"MICOUNTRY","BOLIVIAN","21","MICOUNTRY"
1019,"MICOUNTRY","BOSNIA-HERZEGOVINA","22","MICOUNTRY"
1020,"MICOUNTRY","BOTSWANA","23","MICOUNTRY"
1021,"MICOUNTRY","BRAZIL","24","MICOUNTRY"
1022,"MICOUNTRY","BRUNEI","25","MICOUNTRY"
1023,"MICOUNTRY","BULGARIA","26","MICOUNTRY"
1024,"MICOUNTRY","BURKINA FASO","27","MICOUNTRY"
1025,"MICOUNTRY","BURUNDI","28","MICOUNTRY"
1026,"MICOUNTRY","CAMEROON REPUBLIC","29","MICOUNTRY"
1027,"MICOUNTRY","CANADA","30","MICOUNTRY"
1028,"MICOUNTRY","CAPE VERDE","31","MICOUNTRY"
1029,"MICOUNTRY","CAYMAN ISLANDS","32","MICOUNTRY"
1030,"MICOUNTRY","CENTRAL AFRICAN REPUBLIC","33","MICOUNTRY"
1031,"MICOUNTRY","CHAD","34","MICOUNTRY"
1032,"MICOUNTRY","CHILE","35","MICOUNTRY"
1033,"MICOUNTRY","CHINA","36","MICOUNTRY"
1034,"MICOUNTRY","COLOMBIA","37","MICOUNTRY"
1035,"MICOUNTRY","COMBODIA","38","MICOUNTRY"
1036,"MICOUNTRY","COMOROS","39","MICOUNTRY"
1037,"MICOUNTRY","CONGO","40","MICOUNTRY"
1038,"MICOUNTRY","COOK ISLANDS","41","MICOUNTRY"
1039,"MICOUNTRY","COSTA RICA","42","MICOUNTRY"
1040,"MICOUNTRY","COTE D'IVOIRE","43","MICOUNTRY"
1041,"MICOUNTRY","CROATIA","44","MICOUNTRY"
1042,"MICOUNTRY","CUBA","45","MICOUNTRY"
1043,"MICOUNTRY","CYPRUS","46","MICOUNTRY"
1044,"MICOUNTRY","CZECH REPUBLIC","47","MICOUNTRY"
1045,"MICOUNTRY","DENMARK","48","MICOUNTRY"
1046,"MICOUNTRY","DJIBOUTI","49","MICOUNTRY"
1047,"MICOUNTRY","DOMINICA","50","MICOUNTRY"
1048,"MICOUNTRY","DOMINICAN REPUBLIC","51","MICOUNTRY"
1049,"MICOUNTRY","EAST TIMOR","52","MICOUNTRY"
1050,"MICOUNTRY","ECUADOR","53","MICOUNTRY"
1051,"MICOUNTRY","EGYPT","54","MICOUNTRY"
1052,"MICOUNTRY","EL SALVADOR","55","MICOUNTRY"
1053,"MICOUNTRY","EQUATORIAL GUINEA","56","MICOUNTRY"
1054,"MICOUNTRY","ESTONIA","57","MICOUNTRY"
1055,"MICOUNTRY","ETHIOPIA","58","MICOUNTRY"
1056,"MICOUNTRY","FALKLAND ISLANDS","59","MICOUNTRY"
1057,"MICOUNTRY","FIJI","60","MICOUNTRY"
1058,"MICOUNTRY","FINLAND","61","MICOUNTRY"
1059,"MICOUNTRY","FRANCE","62","MICOUNTRY"
1060,"MICOUNTRY","FRENCH GUIANA","63","MICOUNTRY"
1061,"MICOUNTRY","FRENCH POLYNESIA","64","MICOUNTRY"
1062,"MICOUNTRY","GABON","65","MICOUNTRY"
1063,"MICOUNTRY","GAMBIA","66","MICOUNTRY"
1064,"MICOUNTRY","GEORGIA","67","MICOUNTRY"
1065,"MICOUNTRY","GERMANY","68","MICOUNTRY"
1066,"MICOUNTRY","GHANA","69","MICOUNTRY"
1067,"MICOUNTRY","GIBRALTOR","70","MICOUNTRY"
1068,"MICOUNTRY","GREECE","71","MICOUNTRY"
1069,"MICOUNTRY","GREENLAND","72","MICOUNTRY"
1070,"MICOUNTRY","GRENADA","73","MICOUNTRY"
1071,"MICOUNTRY","GUADELOUPE","74","MICOUNTRY"
1072,"MICOUNTRY","GUAM","75","MICOUNTRY"
1073,"MICOUNTRY","GUATEMALA","76","MICOUNTRY"
1074,"MICOUNTRY","GUERNSEY","77","MICOUNTRY"
1075,"MICOUNTRY","GUINEA","78","MICOUNTRY"
1197,"ERRORCODE","Promoter karta count should be blank.","MI0055","ERRORCODE"
1198,"ERRORCODE","Header User is required.","MI0056","ERRORCODE"
700,"ERRORCODE","Duplicate Batch Number","UDP0118","ERRORCODE"
798,"MIKARTATYPE","OTHER","99","MIKARTATYPE"
695,"ERRORCODE","Header record type is not valid","UDP0113","ERRORCODE"
1199,"ERRORCODE","Pan for Karta already exist for same individual.","UDP0141","ERRORCODE"
1210,"MIINSTRUCTIONSTATUS","WITH OTHER KRA","8","MIINSTRUCTIONSTATUS"
1211,"KRAINSTRUCTIONSTATUS","SENT TO OTHER KRA","7","KRAINSTRUCTIONSTATUS"
1212,"KRAINSTRUCTIONSTATUS","WITH OTHER KRA","8","KRAINSTRUCTIONSTATUS"
1266,"KRAINSTRUCTIONSTATUS","KRA MAKER VERIFIED","9","KRAINSTRUCTIONSTATUS"
1224,"ERRORCODE","KARTA DETAILS ARE REQUIRED","MI0067","ERRORCODE"
1225,"ERRORCODE","GROSS ANNUAL INCOME AND NET WORTH IS REQUIRED","MI0068","ERRORCODE"
1226,"ERRORCODE","Invalid Detail Corrosponding other State.","UDP0146","ERRORCODE"
1227,"ERRORCODE","Occupation details is required.","UDP0147","ERRORCODE"
1270,"ERRORCODE","Country Is Required For Correspondance PIN Code.","UDP0148","ERRORCODE"
1271,"ERRORCODE","Country Is Required For Permenant PIN Code.","UDP0149","ERRORCODE"
1272,"ERRORCODE","Other Correspondance State Is Required.","UDP0150","ERRORCODE"
1273,"ERRORCODE","Detail Line Number Is Required.","UDP0151","ERRORCODE"
1274,"ERRORCODE","Invalid Registration Number.","UDP0152","ERRORCODE"
1275,"ERRORCODE","Invalid status Others.","UDP0153","ERRORCODE"
1276,"ERRORCODE","Other resident status is required.","UDP0154","ERRORCODE"
1277,"ERRORCODE","Header detail count and record count mismatch.","UDP0155","ERRORCODE"
1278,"ERRORCODE","Header detail record count and number of non individual record mismatch.","UDP0156","ERRORCODE"
1284,"ERRORCODE","Gross Annual Income is Required.","UDP0157","ERRORCODE"
1285,"ERRORCODE","Detail net worth is required.","UDP0158","ERRORCODE"
1290,"ERRORCODE","Relationship with other field invalid","MI0047","ERRORCODE"
1291,"ERRORCODE","Pan non individual required for karta","UDP0159","ERRORCODE"
1292,"ERRORCODE","Relationship  with non individual required.","MI0048","ERRORCODE"
1293,"ERRORCODE","Relation ship with others is required.","MI0049","ERRORCODE"
1294,"ERRORCODE","Networth Date should not be older than 1 Year 1 month and should not be future dated.","UDP0160","ERRORCODE"
1295,"ERRORCODE","Networth Date should not be older than 1 Year 1 month and should not be future dated.","UDP0161","ERRORCODE"
1296,"MICOUNTRY","ALAND ISLANDS","200","MICOUNTRY"
1297,"MICOUNTRY","AMERICAN SAMOA","201","MICOUNTRY"
1298,"MICOUNTRY","ANDORRA","202","MICOUNTRY"
1299,"MICOUNTRY","ANGUILLA","203","MICOUNTRY"
1300,"MICOUNTRY","ANTARCTICA","204","MICOUNTRY"
1301,"MICOUNTRY","ANTIGUA AND BARBUDA","205","MICOUNTRY"
1302,"MICOUNTRY","BOUVET ISLAND","206","MICOUNTRY"
1303,"MICOUNTRY","BRITISH INDIAN OCEAN TERRITORY","207","MICOUNTRY"
1304,"MICOUNTRY","CHRISTMAS ISLAND","208","MICOUNTRY"
1305,"MICOUNTRY","COCOS (KEELING) ISLANDS","209","MICOUNTRY"
1306,"MICOUNTRY","ERITREA","210","MICOUNTRY"
1307,"MICOUNTRY","FALKLAND ISLANDS (MALVINAS)","211","MICOUNTRY"
1308,"MICOUNTRY","FAROE ISLANDS","212","MICOUNTRY"
1309,"MICOUNTRY","FRENCH SOUTHERN TERRITORIES","213","MICOUNTRY"
1310,"MICOUNTRY","HEARD ISLAND AND MCDONALD ISLANDS","214","MICOUNTRY"
1311,"MICOUNTRY","HOLY SEE (VATICAN CITY STATE)","215","MICOUNTRY"
1312,"MICOUNTRY","HUNGARY","216","MICOUNTRY"
1313,"MICOUNTRY","IRAN, ISLAMIC REPUBLIC OF","217","MICOUNTRY"
1314,"MICOUNTRY","ISLE OF MAN","218","MICOUNTRY"
1315,"MICOUNTRY","KIRIBATI","219","MICOUNTRY"
1316,"MICOUNTRY","LAO PEOPLE'S DEMOCRATIC REPUBLIC","220","MICOUNTRY"
1317,"MICOUNTRY","LIBYAN ARAB JAMAHIRIYA","221","MICOUNTRY"
1318,"MICOUNTRY","LIECHTENSTEIN","222","MICOUNTRY"
1319,"MICOUNTRY","MARSHALL ISLANDS","223","MICOUNTRY"
1320,"MICOUNTRY","MARTINIQUE","224","MICOUNTRY"
1321,"MICOUNTRY","MAYOTTE","225","MICOUNTRY"
1322,"MICOUNTRY","MICRONESIA, FEDERATED STATES OF","226","MICOUNTRY"
1323,"MICOUNTRY","MONACO","227","MICOUNTRY"
1324,"MICOUNTRY","NAURU","228","MICOUNTRY"
1325,"MICOUNTRY","NIUE","229","MICOUNTRY"
1326,"MICOUNTRY","NORFOLK ISLAND","230","MICOUNTRY"
1327,"MICOUNTRY","NORTHERN MARIANA ISLANDS","231","MICOUNTRY"
1328,"MICOUNTRY","PALAU","232","MICOUNTRY"
1329,"MICOUNTRY","PALESTINIAN TERRITORY, OCCUPIED","233","MICOUNTRY"
1330,"MICOUNTRY","PITCAIRN","234","MICOUNTRY"
1331,"MICOUNTRY","PUERTO RICO","235","MICOUNTRY"
1332,"MICOUNTRY","REUNION","236","MICOUNTRY"
1333,"MICOUNTRY","SAINT HELENA","237","MICOUNTRY"
1334,"MICOUNTRY","SAINT KITTS AND NEVIS","238","MICOUNTRY"
1335,"MICOUNTRY","SAINT LUCIA","239","MICOUNTRY"
1336,"MICOUNTRY","SAINT PIERRE AND MIQUELON","240","MICOUNTRY"
1337,"MICOUNTRY","SAINT VINCENT AND THE GRENADINES","241","MICOUNTRY"
1338,"MICOUNTRY","SAMOA","242","MICOUNTRY"
1339,"MICOUNTRY","SAN MARINO","243","MICOUNTRY"
1340,"MICOUNTRY","SAO TOME AND PRINCIPE","244","MICOUNTRY"
1341,"MICOUNTRY","SERBIA AND MONTENEGRO","245","MICOUNTRY"
1342,"MICOUNTRY","SIERRA LEONE","246","MICOUNTRY"
1343,"MICOUNTRY","SOUTH GEORGIA AND THE SOUTH SANDWICH ISLANDS","247","MICOUNTRY"
1344,"MICOUNTRY","SVALBARD AND JAN MAYEN","248","MICOUNTRY"
1345,"MICOUNTRY","SYRIAN ARAB REPUBLIC","249","MICOUNTRY"
1346,"MICOUNTRY","TIMOR-LESTE","250","MICOUNTRY"
1347,"MICOUNTRY","TOKELAU","251","MICOUNTRY"
1348,"MICOUNTRY","TURKS AND CAICOS ISLANDS","252","MICOUNTRY"
1349,"MICOUNTRY","TUVALU","253","MICOUNTRY"
1350,"MICOUNTRY","UKRAINE","254","MICOUNTRY"
1351,"MICOUNTRY","UNITED STATES MINOR OUTLYING ISLANDS","255","MICOUNTRY"
1352,"MICOUNTRY","UZBEKISTAN","256","MICOUNTRY"
1353,"MICOUNTRY","VIRGIN ISLANDS, BRITISH","257","MICOUNTRY"
1354,"MICOUNTRY","VIRGIN ISLANDS, U.S.","258","MICOUNTRY"
1355,"MICOUNTRY","WALLIS AND FUTUNA","259","MICOUNTRY"
1356,"MICOUNTRY","WESTERN SAHARA","260","MICOUNTRY"
261,"CERTSPERBP","Certificate No","certNum","CERTSPERBP"
262,"CERTSPERBP","---Please Select---","---Please Select---","CERTSPERBP"
263,"ERRORCODE","Client Activation timestamp is required","UDP0170","ERRORCODE"
264,"ERRORCODE","Invalid Date of IPV","UDP0165","ERRORCODE"
265,"ERRORCODE","Invalid Header Record length.","UDP0145","ERRORCODE"
266,"ERRORCODE","Invalid Scan images uploaded","UDP0168","ERRORCODE"
267,"ERRORCODE","Invalid year in client activation timestamp","UDP0177","ERRORCODE"
268,"ERRORCODE","Invalid original Name of the Person doing IPV","UDP0164","ERRORCODE"
1435,"ERRORCODE","For Correspndence Address all mandatory group details required.","UDP2059","ERRORCODE"
270,"ERRORCODE","Invalid Client Activation Date","UDP0166","ERRORCODE"
271,"ERRORCODE","Invalid Flag for Old record","UDP0169","ERRORCODE"
272,"ERRORCODE","Other identity proof is not required","UDP0142","ERRORCODE"
273,"ERRORCODE","Invalid Client Updation Date","UDP0167","ERRORCODE"
274,"ERRORCODE","Other permanent  address proof is not required","UDP0144","ERRORCODE"
275,"ERRORCODE","Designation of the person doing IPV is  required","UDP0174","ERRORCODE"
276,"ERRORCODE","File Already verify released.","MI0070","ERRORCODE"
277,"ERRORCODE","Other corr adress proof is not required.","UDP0143","ERRORCODE"
278,"ERRORCODE","Invalid designation  of the Person doing IPV","UDP0163","ERRORCODE"
279,"ERRORCODE","Date of IPV is  required","UDP0176","ERRORCODE"
280,"ERRORCODE","IPV Flag is  required","UDP0172","ERRORCODE"
281,"ERRORCODE","Invalid Name of the Person doing IPV","UDP0162","ERRORCODE"
282,"ERRORCODE","Invalid Header Record Type","UDP0113","ERRORCODE"
283,"ERRORCODE","Invalid IPV Flag","UDP0161","ERRORCODE"
284,"ERRORCODE","Client Updation timestamp is  required","UDP0171","ERRORCODE"
285,"ERRORCODE","Name of the person doing IPV is  required","UDP0173","ERRORCODE"
287,"FUNCTIONIDTYPE","MI all screens","700","FUNCTIONIDTYPE"
288,"FUNCTIONIDTYPE","PAN Export","607","FUNCTIONIDTYPE"
290,"FUNCTIONIDTYPE","User Profile Management","600","FUNCTIONIDTYPE"
291,"FUNCTIONIDTYPE","KYC Inquiry / Download","606","FUNCTIONIDTYPE"
293,"FUNCTIONIDTYPE","Registration","603","FUNCTIONIDTYPE"
294,"FUNCTIONIDTYPE","Modify Detail","605","FUNCTIONIDTYPE"
296,"USERBRANCHPER","Global","G","USERBRANCHPER"
297,"USERBRANCHPER","Local","L","USERBRANCHPER"
298,"USERSTATUS","ACTIVE","ACTIVE","USERSTATUS"
299,"USERSTATUS","ALL","ALL","USERSTATUS"
300,"USERSTATUS","SUSPENDED","SUSPENDED","USERSTATUS"
301,"USERSTATUS","CLOSED","CLOSED","USERSTATUS"
302,"USERSTATUS","BLOCKED","BLOCKED","USERSTATUS"
1357,"ERRORCODE","Invalid Flag for old new record.","UDP0178","ERRORCODE"
1359,"FUNCTIONIDTYPE","Bulk Registration","604","FUNCTIONIDTYPE"
1364,"FUNCTIONIDTYPE","Group Profile Management","601","FUNCTIONIDTYPE"
1365,"FUNCTIONIDTYPE","Admin Operations","602","FUNCTIONIDTYPE"
1366,"ERRORCODE","Client Activation date is required.","UDP0181","ERRORCODE"
1367,"MIPOCDOCUMENT","UNIQUE IDENTIFICATION NUMBER(ADHAAR)","26","MIPOCDOCUMENT"
1368,"MIPOPDOCUMENT","UNIQUE IDENTIFICATION NUMBER(ADHAAR)","26","MIPOPDOCUMENT"
1370,"ERRORCODE","RTA Mapping fund code required.","UDP0179","ERRORCODE"
1371,"ERRORCODE","Invalid RTA Mapping fund code.","UDP0180","ERRORCODE"
1372,"ERRORCODE","RTA Fundcode Mapping not required for MI.","UDP0181","ERRORCODE"
1373,"FUNCTIONIDTYPE","Online Registration-Individual","801","FUNCTIONIDTYPE"
1374,"FUNCTIONIDTYPE","Online Registration-Non Individual","802","FUNCTIONIDTYPE"
1375,"FUNCTIONIDTYPE","Bulk Registration-Individual","803","FUNCTIONIDTYPE"
1376,"FUNCTIONIDTYPE","Bulk Registration-Non Individual","804","FUNCTIONIDTYPE"
1377,"FUNCTIONIDTYPE","KYC Enquiry - Screen based","805","FUNCTIONIDTYPE"
1378,"FUNCTIONIDTYPE","KYC Enquiry - File based","806","FUNCTIONIDTYPE"
1379,"FUNCTIONIDTYPE","KYC Download  - Screen Based","807","FUNCTIONIDTYPE"
1380,"FUNCTIONIDTYPE","KYC Download  - File based","808","FUNCTIONIDTYPE"
1381,"FUNCTIONIDTYPE","Modification-Individual","809","FUNCTIONIDTYPE"
1382,"FUNCTIONIDTYPE","Modification-Non Individual","810","FUNCTIONIDTYPE"
1383,"FUNCTIONIDTYPE","Auto Download","811","FUNCTIONIDTYPE"
1384,"FUNCTIONIDTYPE","Report","812","FUNCTIONIDTYPE"
1385,"USERSTATUS","DEACTIVE","DEACTIVE","USERSTATUS"
1386,"ERRORCODE","Client Activation date is required.","UDP0182","ERRORCODE"
1392,"OKRACD","NDML","K1000","OKRACD"
1394,"OKRACD","NSE","K3000","OKRACD"
1395,"OKRACD","KARVY","K5000","OKRACD"
1396,"OKRACD","CAMS","K4000","OKRACD"
1393,"OKRACD","CVL","K2000","OKRACD"
1404,"FUNCTIONIDTYPE","Data Update","818","FUNCTIONIDTYPE"
1405,"FUNCTIONIDTYPE","Call Center Inquiry","819","FUNCTIONIDTYPE"
1406,"ERRORCODE","Invalid Record Lenght","BL0001","ERRORCODE"
1407,"ERRORCODE","Scheme ID for Given Transaction Type Not Found","BL0002","ERRORCODE"
1408,"ERRORCODE","BP ID Not Found","BL0003","ERRORCODE"
1411,"ERRORCODE","MODIFICATION FROM NEW CLIENT TO EXISTING CLIENT IS NOT POSSIBLE","UDP0190","ERRORCODE"
1387,"ERRORCODE","Modification Flag is required","UDP0183","ERRORCODE"
1388,"ERRORCODE","Modification Flag is required","UDP0184","ERRORCODE"
1389,"ERRORCODE","Client Modification Already Exist","UDP0185","ERRORCODE"
1390,"ERRORCODE","Invalid Individual Non inividual Indicator","UDP0186","ERRORCODE"
552,"ERRORCODE","PIN Code Required In Correspondance Address","MI0012","ERRORCODE"
1409,"ERRORCODE","PAN not Present in the System Or Modification Request Is Under Process","UDP0188","ERRORCODE"
1410,"ERRORCODE","PAN not Present in the System Or Modification Request Is Under Process","UDP0189","ERRORCODE"
269,"ERRORCODE","Organisation Name of person doing IPV is required","UDP0175","ERRORCODE"
1391,"MIINSTRUCTIONSTATUS","KRA MAKER VERIFIED","9","MIINSTRUCTIONSTATUS"
1413,"FUNCTIONIDTYPE","Acknowledgement Letter","821","FUNCTIONIDTYPE"
3,"Block-CERTAUTHLIST","RUBY SHOES CERTIFICATE AUTHORITY","7","CERTAUTHLIST"
251,"Block-CERTAUTHLIST","e-Mudhra Class 2 Gold Individual SubCA","3","CERTAUTHLIST"
252,"Block-CERTAUTHLIST","e-Mudhra Class 2 Gold Individual CA","4","CERTAUTHLIST"
253,"Block-CERTAUTHLIST","e-Mudhra CA","5","CERTAUTHLIST"
254,"Block-CERTAUTHLIST","CCA India 2007","6","CERTAUTHLIST"
453,"Block-CERTAUTHLIST","Test TCS Sub-CA for TCS 2011","8","CERTAUTHLIST"
472,"Block-CERTAUTHLIST","TCS CA 2011","9","CERTAUTHLIST"
1417,"ERRORCODE","Invalid Scheme ID","BL0004","ERRORCODE"
1412,"FUNCTIONIDTYPE","OKRA Images Download","820","FUNCTIONIDTYPE"
1446,"CERTAUTHLIST","TCS sub-CA for TCS 2014","12","CERTAUTHLIST"
577,"ERRORCODE","Originals Verified And Self-Attested Document Copies Received Is Required","MI0037","ERRORCODE"
1436,"MIKARTATYPE","BENEFICIAL OWNER","6","MIKARTATYPE"
1437,"MIKARTATYPE","PROMOTER & BENEFICIAL OWNER","7","MIKARTATYPE"
1438,"MIKARTATYPE","WHOLE TIME DIRECTOR & BENEFICIAL OWNER","8","MIKARTATYPE"
1439,"MIKARTATYPE","TRUSTEE & BENEFICIAL OWNER","9","MIKARTATYPE"
1440,"MIKARTATYPE","AUTHORISED SIGNATORY & BENEFICIAL OWNER","10","MIKARTATYPE"
1441,"MIKARTATYPE","PARTNER & BENEFICIAL OWNER","11","MIKARTATYPE"
1442,"MIKARTATYPE","DIRECTOR & BENEFICIAL OWNER","12","MIKARTATYPE"
1418,"ERRORCODE","Scheme ID Required","BL0005","ERRORCODE"
1447,"ERRORCODE","Invalid detail DIN","UDP0191","ERRORCODE"
1419,"ERRORCODE","Invalid Scheme Transaction Type","BL0006","ERRORCODE"
1420,"ERRORCODE","Scheme Transaction Type Required","BL0007","ERRORCODE"
1421,"ERRORCODE","Invalid Scheme Month","BL0008","ERRORCODE"
1422,"ERRORCODE","Scheme Month Required","BL0009","ERRORCODE"
1423,"ERRORCODE","Invalid Scheme Year","BL0010","ERRORCODE"
1424,"ERRORCODE","Scheme Year Required","BL0011","ERRORCODE"
1425,"ERRORCODE","Invalid Scheme Amount","BL0012","ERRORCODE"
1426,"ERRORCODE","Scheme Amount Required","BL0013","ERRORCODE"
1427,"BILLINGPAYMENTMODE","CASH","1","BILLINGPAYMENTMODE"
1428,"BILLINGPAYMENTMODE","CHEQUE /DD","2","BILLINGPAYMENTMODE"
1429,"ERRORCODE","Invalid Interest Amount","BL0014","ERRORCODE"
1430,"ERRORCODE","Interest Amount Required","BL0015","ERRORCODE"
1431,"ERRORCODE","Invalid Postage Rate Amount","BL0016","ERRORCODE"
1432,"ERRORCODE","Postage Rate Amount Required","BL0017","ERRORCODE"
1433,"ERRORCODE","Invalid Number of Columns ","BL0018","ERRORCODE"
1434,"ERRORCODE","Invalid Column Type ","BL0019","ERRORCODE"
1414,"OKRACD","HDFC","P2057","OKRACD"
1448,"ITDPANSTATUS","EXISTING AND VALID PAN","E","ITDPANSTATUS"
1449,"ITDPANSTATUS","FAKE PAN","F","ITDPANSTATUS"
1450,"ITDPANSTATUS","RECORD (PAN) NOT FOUND IN ITD DATABASE/INVALID PAN","N","ITDPANSTATUS"
1451,"ITDERRORCODE","SUCCESS","1","ITDERRORCODE"
1452,"ITDERRORCODE","SYSTEM ERROR","2","ITDERRORCODE"
1453,"ITDERRORCODE","AUTHENTICATION FAILURE","3","ITDERRORCODE"
1454,"ITDERRORCODE","USER NOT AUTHORIZED","4","ITDERRORCODE"
1455,"ITDERRORCODE","NO PANS ENTERED","5","ITDERRORCODE"
1456,"ITDERRORCODE","USER VALIDITY HAS EXPIRED","6","ITDERRORCODE"
1457,"ITDERRORCODE","NUMBER OF PANS EXCEEDS THE LIMIT","7","ITDERRORCODE"
1458,"ITDERRORCODE","NOT ENOUGH BALANCE","8","ITDERRORCODE"
1459,"ITDERRORCODE","NOT AN HTTPS REQUEST","9","ITDERRORCODE"
1460,"ITDERRORCODE","POST METHOD NOT USED","10","ITDERRORCODE"
1461,"MISTATE","TELANGANA","36","MISTATE"
1462,"CERTAUTHLIST","SafeScrypt sub-CA for RCAI Class3 2014","13","CERTAUTHLIST"
1463,"CERTAUTHLIST","e-Mudhra Sub CA for Class 2 Organisation 2014","15","CERTAUTHLIST"
1464,"MOBILESTATUS","ACTIVE","A","MOBILESTATUS"
1465,"MOBILESTATUS","INACTIVE","I","MOBILESTATUS"
1466,"MOBILESERVICETYPE","INQUIRY","I","MOBILESERVICETYPE"
1467,"MOBILESERVICETYPE","DOWNLOAD","D","MOBILESERVICETYPE"
1469,"ERRORCODE","KYC Status Is Not Selected","KRA002","ERRORCODE"
1470,"ERRORCODE","Mobile Number Already Registered","MI0075","ERRORCODE"
1471,"ERRORCODE","Mobile Number Mandatory","MI0076","ERRORCODE"
1472,"CERTAUTHLIST","SafeScrypt sub-CA for RCAI Class 2 2014","16","CERTAUTHLIST"
1473,"OKRACD","P7132","P7132","OKRACD"
1476,"OKRACD","P0578","P0578","OKRACD"
1477,"OKRACD","P0215","P0215","OKRACD"
1478,"STATUSBYKRA","DEACTIVATED","10","STATUSBYKRA"
1479,"KRAINSTRUCTIONSTATUS","DEACTIVATED","10","KRAINSTRUCTIONSTATUS"
1483,"MISERIES","P","0","MISERIES"
1484,"MISERIES","A","1","MISERIES"
1487,"MIINSTRUCTIONSTATUS","DEACTIVATED","10","MIINSTRUCTIONSTATUS"
1490,"OKRACD","P1944","P1944","OKRACD"
1494,"MIIPVFLAG"," IPV DONE","Y","MIIPVFLAG"
1495,"MIIPVFLAG"," IPV NOT DONE","N","MIIPVFLAG"
1496,"MIIPVFLAG"," IPV EXEMPTED","E","MIIPVFLAG"
1497,"FUNCTIONIDTYPE","KYC Registration/Modification - Common File Based","822","FUNCTIONIDTYPE"
1498,"ERRORCODE","Invalid EKYC Type","UDP0193","ERRORCODE"
1499,"ERRORCODE","Invalid ESIGN flag","UDP0194","ERRORCODE"
1500,"ERRORCODE","Invalid IPV flag for MF","UDP0195","ERRORCODE"
1501,"ERRORCODE","Invalid NDML Modification Flag","UDP0196","ERRORCODE"
1502,"ERRORCODE","Invalid OKRA Modification Flag","UDP0197","ERRORCODE"
1503,"ERRORCODE","Invalid E-KYC Flag","UDP0198","ERRORCODE"
1504,"ERRORCODE","E-KYC Flag Required","UDP0199","ERRORCODE"
1505,"ERRORCODE","E-KYC Type Required","UDP0200","ERRORCODE"
1506,"ERRORCODE","Kindly Select 'Non-Resident' or 'Foreign National' for other then Indian Nationality","UDP0201","ERRORCODE"
1507,"FUNCTIONIDTYPE","PAYMENT
UPDATION","823","FUNCTIONIDTYPE"
1508,"FUNCTIONIDTYPE","UPDATE STATUS","824","FUNCTIONIDTYPE"
1509,"ERRORCODE","Can Not Change The Value Of Ipv Flag From Y","UDP0202","ERRORCODE"
1510,"OKRACD","P2057","P2057","OKRACD"
1511,"OKRACD","P0464","P0464","OKRACD"
1512,"OKRACD","P4583","P4583","OKRACD"
1513,"OKRACD","P3708","P3708","OKRACD"
1514,"OKRACD","P5481","P5481","OKRACD"
1515,"OKRACD","A0818","A0818","OKRACD"
1516,"OKRACD","P1352","P1352","OKRACD"
1517,"MOBILESERVICETYPE","MODIFICATION","M","MOBILESERVICETYPE"
1468,"MOBILESERVICETYPE","ALL","B","MOBILESERVICETYPE"
1518,"OKRACD","A0921","A0921","OKRACD"
1519,"OKRACD","A0943","A0943","OKRACD"
1520,"MISTATE","LADAKH","37","MISTATE"
1521,"OKRACD","A1067","A1067","OKRACD"
602,"ERRORCODE","Format error in detail gender","UDP0024","ERRORCODE"
1482,"ERRORCODE","Modification not allowed on Deactivated PAN","UDP0192","ERRORCODE"
1262,"FUNCTIONIDTYPE","CKYC FILE DOWNLOAD","826","FUNCTIONIDTYPE"
1241,"MICKYCDATATYPE","CERTIFIED COPY","0","MICKYCDATATYPE"
1243,"MICKYCDATATYPE","DATA RECEIVED FROM OFFLINE VERSION","2","MICKYCDATATYPE"
1244,"MICKYCDATATYPE","DIGITAL KYC PROCESS","3","MICKYCDATATYPE"
1242,"MICKYCDATATYPE","E-KYC DATA RECEIVED FROM UIDAI","1","MICKYCDATATYPE"
1245,"MICKYCDATATYPE","EQUIVALENT E-DOCUMENT","4","MICKYCDATATYPE"
1522,"FUNCTIONIDTYPE","PAYMENT","823","FUNCTIONIDTYPE"
1523,"OKRACD","A1249","A1249","OKRACD"
1524,"OKRACD","P8495","P8495","OKRACD"
1261,"FUNCTIONIDTYPE","KYC REGISTRATION","825","FUNCTIONIDTYPE"
1525,"OKRACD","A0464","A0464","OKRACD"
1526,"OKRACD","P2466","P2466","OKRACD"
362,"SFTPMIMAPPINGS","A1249","A1249","SFTPMIMAPPINGS"
1527,"OKRACD","P2752","P2752","OKRACD"
1528,"OKRACD","A0204","A0204","OKRACD"
1529,"MIPOIDOCUMENT","NREGA JOB CARD","14","MIPOIDOCUMENT"
1530,"MIPOIDOCUMENT","NATIONAL POPULATION REGISTER LETTER","15","MIPOIDOCUMENT"
1531,"MIPOIDOCUMENT","E-KYC AUTHENTICATION","16","MIPOIDOCUMENT"
1532,"MIPOIDOCUMENT","OFFLINE VERIFICATION OF AADHAR","17","MIPOIDOCUMENT"
1533,"MIPOIDOCUMENT","SIMPLIFIED MEASURES ACCOUNT ID CARD ISSUED BY CENTRAL STATE GOVERNMENT, STATUTORY AUTHORITY,PSU, SCHEDULED COMMERCIAL BANKS, PUBLIC FINANCIAL INSTITUTIONS","18","MIPOIDOCUMENT"
1534,"MIPOIDOCUMENT","SIMPLIFIED MEASURES ACCOUNT LETTER ISSUED BY GAZETTED OFFICER DULY ATTESTED","19","MIPOIDOCUMENT"
1535,"MIPOIDOCUMENT","OFFICIAL VALID DOCUMENT IN RESPECT OF PERSON AUTHORIZED TO TRANSACT","20","MIPOIDOCUMENT"
1536,"MIPOIDOCUMENT","CERTIFICATE OF INCORPORATION OR FORMATION","21","MIPOIDOCUMENT"
1537,"MIPOIDOCUMENT","REGISTRATION CERTIFICATE","22","MIPOIDOCUMENT"
1538,"MIPOIDOCUMENT","MEMORANDUM AND ARTICLES OF ASSOCIATION","23","MIPOIDOCUMENT"
1539,"MIPOIDOCUMENT","PARTNERSHIP DEED","24","MIPOIDOCUMENT"
1540,"MIPOIDOCUMENT","TRUST DEED","25","MIPOIDOCUMENT"
1541,"MIPOIDOCUMENT","RESOLUTION OF BOARD MANAGING COMMITTEE","26","MIPOIDOCUMENT"
1542,"MIPOIDOCUMENT","POWER OF ATTERNEY GRANTED TO ITS MANAGER, OFFICERS OR EMPLOYEES TO TRANSACT ON ITS BEHALF","27","MIPOIDOCUMENT"
1543,"MIPOIDOCUMENT","Activity Proof 1","28","MIPOIDOCUMENT"
1544,"MIPOIDOCUMENT","Activity Proof 2","29","MIPOIDOCUMENT"
1545,"MIPOCDOCUMENT","NREGA JOB CARD","27","MIPOCDOCUMENT"
1546,"MIPOCDOCUMENT","CERTIFICATE OF INCORPORATION OR FORMATION","28","MIPOCDOCUMENT"
1547,"MIPOCDOCUMENT","REGISTRATION CERTIFICATE","29","MIPOCDOCUMENT"
1548,"MIPOCDOCUMENT","NATIONAL POPULATION REGISTER LETTER","30","MIPOCDOCUMENT"
1549,"MIPOCDOCUMENT","E-KYC AUTHENTICATION","31","MIPOCDOCUMENT"
1550,"MIPOCDOCUMENT","OFFLINE VERIFICATION OF AADHAAR","32","MIPOCDOCUMENT"
1551,"MIPOCDOCUMENT","PROPERTY OR MUNICIPAL TAX RECEIPT","33","MIPOCDOCUMENT"
1552,"MIPOCDOCUMENT","PENSION OR FAMILY PENSION PAYMENT ORDERS (PPOS) ISSUED TO RETIRED EMPLOYEES BY GOVERNMENT DEPARTMENTS OR PUBLIC SECTOR UNDERTAKING HAVING ADDRESS","34","MIPOCDOCUMENT"
1553,"MIPOCDOCUMENT","LETTER OF ALLOTMENT OF ACCOMMODATION FROM EMPLOYER ISSUED BY GOVERNMENT OR LISTED COMPANIES","35","MIPOCDOCUMENT"
1554,"MIPOCDOCUMENT","SELF DECLARATION","36","MIPOCDOCUMENT"
1555,"MIPOPDOCUMENT","NREGA JOB CARD","27","MIPOPDOCUMENT"
1556,"MIPOPDOCUMENT","CERTIFICATE OF INCORPORATION OR FORMATION","28","MIPOPDOCUMENT"
1557,"MIPOPDOCUMENT","REGISTRATION CERTIFICATE","29","MIPOPDOCUMENT"
1558,"MIPOPDOCUMENT","NATIONAL POPULATION REGISTER LETTER","30","MIPOPDOCUMENT"
1559,"MIPOPDOCUMENT","E-KYC AUTHENTICATION","31","MIPOPDOCUMENT"
1560,"MIPOPDOCUMENT","OFFLINE VERIFICATION OF AADHAAR","32","MIPOPDOCUMENT"
1561,"MIPOPDOCUMENT","PROPERTY OR MUNICIPAL TAX RECEIPT","33","MIPOPDOCUMENT"
1562,"MIPOPDOCUMENT","PENSION OR FAMILY PENSION PAYMENT ORDERS (PPOS) ISSUED TO RETIRED EMPLOYEES BY GOVERNMENT DEPARTMENTS OR PUBLIC SECTOR UNDERTAKING HAVING ADDRESS","34","MIPOPDOCUMENT"
1563,"MIPOPDOCUMENT","LETTER OF ALLOTMENT OF ACCOMMODATION FROM EMPLOYER ISSUED BY GOVERNMENT OR LISTED COMPANIES","35","MIPOPDOCUMENT"
1564,"MIPOPDOCUMENT","SELF DECLARATION","36","MIPOPDOCUMENT"
1566,"OKRACD","A1283","A1283","OKRACD"
1567,"OKRACD","R3500","R3500","OKRACD"
1568,"OKRACD","R4500","R4500","OKRACD"
1569,"OKRACD","R5500","R5500","OKRACD"
1565,"OKRACD","K6000","K6000","OKRACD"
1574,"KRAINSTRUCTIONSTATUS","KYC VALIDATED","11","KRAINSTRUCTIONSTATUS"
1575,"MIINSTRUCTIONSTATUS","KYC VALIDATED","11","MIINSTRUCTIONSTATUS"
1584,"OKRACD","A6529","A6529","OKRACD"
1586,"OKRACD","P2193","P2193","OKRACD"
1587,"SFTPMIMAPPINGS","K1000","K1000","SFTPMIMAPPINGS"
1589,"OKRACD","BSE","K6000","OKRACD"
1590,"ITDPANSTATUS","Amalgamation","EA","ITDPANSTATUS"
1591,"ITDPANSTATUS","Acquisition","EC","ITDPANSTATUS"
1592,"ITDPANSTATUS","Death","ED","ITDPANSTATUS"
1593,"ITDPANSTATUS","Dissolution","EI","ITDPANSTATUS"
1594,"ITDPANSTATUS","Liquidated","EL","ITDPANSTATUS"
1595,"ITDPANSTATUS","Merger","EM","ITDPANSTATUS"
1596,"ITDPANSTATUS","Partition","EP","ITDPANSTATUS"
1597,"ITDPANSTATUS","Split","ES","ITDPANSTATUS"
1598,"ITDPANSTATUS","Under Liquidation","EU","ITDPANSTATUS"
1600,"ITDAADHARSTATUS","Aadhaar Seeding is Unsuccessful","R","ITDAADHARSTATUS"
1602,"ITDAADHARSTATUS","Aadhaar seeding Not applicable","NA","ITDAADHARSTATUS"
1599,"ITDAADHARSTATUS","Aadhaar Seeding is Successful","Y","ITDAADHARSTATUS"
1601,"ITDAADHARSTATUS","Aadhaar is not seeded",NULL,"ITDAADHARSTATUS"
1603,"OKRACD","A1249","A1249","OKRACD"
1605,"OKRACD","A5937","A5937","OKRACD"
1609,"OKRACD","K3000","K3000","OKRACD"
1617,"APPPANCOPY","Yes","Y","APPPANCOPY"
1612,"KRA_MAPPED_EMAIL","amitaanilshinde@gmail.com,medigital16@gmail.com","K1000","KRA_MAPPED_EMAIL"
1610,"MI_MAPPED_EMAIL","Sixsigma_AmitaS@nsdl.com,samtek109@gmail.com","A1249","MI_MAPPED_EMAIL"
1611,"MI_MAPPED_EMAIL","Sixsigma_SameerS@nsdl.com,shindeamita932@gmail.com","A1487","MI_MAPPED_EMAIL"
1613,"MI_MAPPED_EMAIL","Sixsigma_AmitaS@nsdl.com,samtek109@gmail.com","P0603","MI_MAPPED_EMAIL"
1614,"MI_MAPPED_EMAIL","MithilaR@nsdl.com,komal.kopnar2@gmail.com","K6000","MI_MAPPED_EMAIL"
1618,"APPPANCOPY","No","N","APPPANCOPY"
1608,"SFTPMIMAPPINGS_1","KRA_A1249_INSTIGO","A1249","SFTPMIMAPPINGS_1"
1615,"SFTPMIMAPPINGS","A1487","A1487","SFTPMIMAPPINGS"
1619,"ERRORCODE","FATCA Record count is not provided","UDP0203","ERRORCODE"
1620,"ERRORCODE","Invalid FATCA applicable flag","UDP0204","ERRORCODE"
1621,"ERRORCODE","FATCA applicable flag is not provided","UDP0205","ERRORCODE"
1749,"FATCACOUNTRY","Liberia","LR","FATCACOUNTRY"
1750,"FATCACOUNTRY","Libya","LY","FATCACOUNTRY"
1751,"FATCACOUNTRY","Liechtenstein","LI","FATCACOUNTRY"
1752,"FATCACOUNTRY","Lithuania","LT","FATCACOUNTRY"
1753,"FATCACOUNTRY","Luxembourg","LU","FATCACOUNTRY"
1754,"FATCACOUNTRY","Macao","MO","FATCACOUNTRY"
1755,"FATCACOUNTRY","Madagascar","MG","FATCACOUNTRY"
1756,"FATCACOUNTRY","Malawi","MW","FATCACOUNTRY"
1757,"FATCACOUNTRY","MALAYSIA","MY","FATCACOUNTRY"
1758,"FATCACOUNTRY","Maldives","MV","FATCACOUNTRY"
1759,"FATCACOUNTRY","Mali","ML","FATCACOUNTRY"
1760,"FATCACOUNTRY","Malta","MT","FATCACOUNTRY"
1761,"FATCACOUNTRY","Marshall Islands","MH","FATCACOUNTRY"
1762,"FATCACOUNTRY","Martinique","MQ","FATCACOUNTRY"
1763,"FATCACOUNTRY","Mauritania","MR","FATCACOUNTRY"
1764,"FATCACOUNTRY","Mauritius","MU","FATCACOUNTRY"
1765,"FATCACOUNTRY","Mayotte","YT","FATCACOUNTRY"
1766,"FATCACOUNTRY","Mexico","MX","FATCACOUNTRY"
1767,"FATCACOUNTRY","Micronesia (Federated States of)","FM","FATCACOUNTRY"
1768,"FATCACOUNTRY","Moldova (the Republic of)","MD","FATCACOUNTRY"
1769,"FATCACOUNTRY","Monaco","MC","FATCACOUNTRY"
1770,"FATCACOUNTRY","Mongolia","MN","FATCACOUNTRY"
1771,"FATCACOUNTRY","Montenegro","ME","FATCACOUNTRY"
1772,"FATCACOUNTRY","Montserrat","MS","FATCACOUNTRY"
1773,"FATCACOUNTRY","Morocco","MA","FATCACOUNTRY"
1774,"FATCACOUNTRY","Mozambique","MZ","FATCACOUNTRY"
1775,"FATCACOUNTRY","Myanmar","MM","FATCACOUNTRY"
1776,"FATCACOUNTRY","Namibia","NA","FATCACOUNTRY"
1777,"FATCACOUNTRY","Nauru","NR","FATCACOUNTRY"
1778,"FATCACOUNTRY","Nepal","NP","FATCACOUNTRY"
1779,"FATCACOUNTRY","Netherlands","NL","FATCACOUNTRY"
1780,"FATCACOUNTRY","New Caledonia","NZ","FATCACOUNTRY"
1781,"FATCACOUNTRY","Nicaragua","NI","FATCACOUNTRY"
1782,"FATCACOUNTRY","Niger","NE","FATCACOUNTRY"
1783,"FATCACOUNTRY","Nigeria","NG","FATCACOUNTRY"
1784,"FATCACOUNTRY","Niue","NU","FATCACOUNTRY"
1785,"FATCACOUNTRY","Norfolk Island","NF","FATCACOUNTRY"
1786,"FATCACOUNTRY","North Macedonia","MK","FATCACOUNTRY"
1787,"FATCACOUNTRY","Northern Mariana Islands","MP","FATCACOUNTRY"
1788,"FATCACOUNTRY","Norway","NO","FATCACOUNTRY"
1789,"FATCACOUNTRY","Oman","OM","FATCACOUNTRY"
1790,"FATCACOUNTRY","Pakistan","PK","FATCACOUNTRY"
1791,"FATCACOUNTRY","Palau","PW","FATCACOUNTRY"
1792,"FATCACOUNTRY","Palestine","PS","FATCACOUNTRY"
1793,"FATCACOUNTRY","Panama","PA","FATCACOUNTRY"
1794,"FATCACOUNTRY","Papua New Guinea","PG","FATCACOUNTRY"
1795,"FATCACOUNTRY","Paraguay","PY","FATCACOUNTRY"
1796,"FATCACOUNTRY","Peru","PE","FATCACOUNTRY"
1797,"FATCACOUNTRY","Philippines","PH","FATCACOUNTRY"
1798,"FATCACOUNTRY","Pitcairn","PN","FATCACOUNTRY"
1799,"FATCACOUNTRY","Poland","PL","FATCACOUNTRY"
1800,"FATCACOUNTRY","Portugal","PT","FATCACOUNTRY"
1628,"FATCACOUNTRY","Afghanistan","AF","FATCACOUNTRY"
1629,"FATCACOUNTRY","Aland Islands","AX","FATCACOUNTRY"
1630,"FATCACOUNTRY","Albania","AL","FATCACOUNTRY"
1631,"FATCACOUNTRY","Algeria","DZ","FATCACOUNTRY"
1632,"FATCACOUNTRY","American Samoa","AS","FATCACOUNTRY"
1633,"FATCACOUNTRY","Andorra","AD","FATCACOUNTRY"
1634,"FATCACOUNTRY","Angola","AO","FATCACOUNTRY"
1635,"FATCACOUNTRY","Anguilla","AI","FATCACOUNTRY"
1636,"FATCACOUNTRY","Antarctica","AQ","FATCACOUNTRY"
1637,"FATCACOUNTRY","Antigua and Barbuda","AG","FATCACOUNTRY"
1638,"FATCACOUNTRY","Argentina","AR","FATCACOUNTRY"
1639,"FATCACOUNTRY","Armenia","AM","FATCACOUNTRY"
1640,"FATCACOUNTRY","Aruba","AW","FATCACOUNTRY"
1641,"FATCACOUNTRY","Australia","AU","FATCACOUNTRY"
1642,"FATCACOUNTRY","Austria","AT","FATCACOUNTRY"
1643,"FATCACOUNTRY","Azerbaijan","AZ","FATCACOUNTRY"
1644,"FATCACOUNTRY","Bahamas","BS","FATCACOUNTRY"
1645,"FATCACOUNTRY","Bahrain","BH","FATCACOUNTRY"
1646,"FATCACOUNTRY","Bangladesh","BD","FATCACOUNTRY"
1647,"FATCACOUNTRY","Belarus","BY","FATCACOUNTRY"
1648,"FATCACOUNTRY","Belgium","BE","FATCACOUNTRY"
1649,"FATCACOUNTRY","Belize","BZ","FATCACOUNTRY"
1650,"FATCACOUNTRY","Benin","BJ","FATCACOUNTRY"
1651,"FATCACOUNTRY","Bermuda","BM","FATCACOUNTRY"
1652,"FATCACOUNTRY","Bolivia","BO","FATCACOUNTRY"
1653,"FATCACOUNTRY","Bonaire","BQ","FATCACOUNTRY"
1654,"FATCACOUNTRY","Bosnia and Herzegovina","BA","FATCACOUNTRY"
1655,"FATCACOUNTRY","Botswana","BW","FATCACOUNTRY"
1656,"FATCACOUNTRY","Bouvet Island","BV","FATCACOUNTRY"
1657,"FATCACOUNTRY","British Indian Ocean Territory","IO","FATCACOUNTRY"
1658,"FATCACOUNTRY","British Indian Ocean Territory","IO","FATCACOUNTRY"
1659,"FATCACOUNTRY","Brunei Darussalam","BN","FATCACOUNTRY"
1660,"FATCACOUNTRY","Bulgaria","BG","FATCACOUNTRY"
1661,"FATCACOUNTRY","Burkina Faso","BF","FATCACOUNTRY"
1662,"FATCACOUNTRY","Burundi","BI","FATCACOUNTRY"
1663,"FATCACOUNTRY","Cabo Verde","CV","FATCACOUNTRY"
1664,"FATCACOUNTRY","Cambodia","KH","FATCACOUNTRY"
1665,"FATCACOUNTRY","Cameroon","CM","FATCACOUNTRY"
1666,"FATCACOUNTRY","Canada","CA","FATCACOUNTRY"
1667,"FATCACOUNTRY","Cayman Islands","KY","FATCACOUNTRY"
1668,"FATCACOUNTRY","Central African Republi","CF","FATCACOUNTRY"
1669,"FATCACOUNTRY","Chad","TD","FATCACOUNTRY"
1670,"FATCACOUNTRY","Chile","CL","FATCACOUNTRY"
1671,"FATCACOUNTRY","China","CN","FATCACOUNTRY"
1672,"FATCACOUNTRY","Christmas Island","CX","FATCACOUNTRY"
1674,"FATCACOUNTRY","Colombia","CO","FATCACOUNTRY"
1675,"FATCACOUNTRY","Comoros","KM","FATCACOUNTRY"
1676,"FATCACOUNTRY","Congo","CD","FATCACOUNTRY"
1677,"FATCACOUNTRY","Cook Islands","CK","FATCACOUNTRY"
1678,"FATCACOUNTRY","Costa Rica","CR","FATCACOUNTRY"
1679,"FATCACOUNTRY","Cote Divoire","CI","FATCACOUNTRY"
1680,"FATCACOUNTRY","Croatia","HR","FATCACOUNTRY"
1681,"FATCACOUNTRY","Cuba","CU","FATCACOUNTRY"
1682,"FATCACOUNTRY","Curacao","CW","FATCACOUNTRY"
1683,"FATCACOUNTRY","Cyprus","CY","FATCACOUNTRY"
1684,"FATCACOUNTRY","Czechia","CZ","FATCACOUNTRY"
1685,"FATCACOUNTRY","Denmark","DK","FATCACOUNTRY"
1686,"FATCACOUNTRY","Djibouti","DJ","FATCACOUNTRY"
1687,"FATCACOUNTRY","Dominica","DM","FATCACOUNTRY"
1688,"FATCACOUNTRY","Dominican Republic ","DO","FATCACOUNTRY"
1689,"FATCACOUNTRY","Ecuador","EC","FATCACOUNTRY"
1690,"FATCACOUNTRY","Egypt","EG","FATCACOUNTRY"
1691,"FATCACOUNTRY","El Salvador","SV","FATCACOUNTRY"
1692,"FATCACOUNTRY","Equatorial Guinea","GQ","FATCACOUNTRY"
1693,"FATCACOUNTRY","Eritrea","ER","FATCACOUNTRY"
1694,"FATCACOUNTRY","Estonia","EE","FATCACOUNTRY"
1695,"FATCACOUNTRY","Eswatini","SZ","FATCACOUNTRY"
1696,"FATCACOUNTRY","Ethiopia","ET","FATCACOUNTRY"
1697,"FATCACOUNTRY","Falkland Islands","FK","FATCACOUNTRY"
1698,"FATCACOUNTRY","Faroe Islands","FO","FATCACOUNTRY"
1699,"FATCACOUNTRY","Fiji","FJ","FATCACOUNTRY"
1700,"FATCACOUNTRY","Finland","FI","FATCACOUNTRY"
1701,"FATCACOUNTRY","France","FR","FATCACOUNTRY"
1702,"FATCACOUNTRY","French Guiana","GF","FATCACOUNTRY"
1703,"FATCACOUNTRY","French Polynesia","PF","FATCACOUNTRY"
1704,"FATCACOUNTRY","French Southern Territories","TF","FATCACOUNTRY"
1705,"FATCACOUNTRY","Gabon","GA","FATCACOUNTRY"
1706,"FATCACOUNTRY","Gambia","GM","FATCACOUNTRY"
1707,"FATCACOUNTRY","Georgia","GE","FATCACOUNTRY"
1708,"FATCACOUNTRY","Germany","DE","FATCACOUNTRY"
1709,"FATCACOUNTRY","Ghana","GH","FATCACOUNTRY"
1710,"FATCACOUNTRY","Gibraltar","GI","FATCACOUNTRY"
1711,"FATCACOUNTRY","Greece","GR","FATCACOUNTRY"
1712,"FATCACOUNTRY","Greenland","GL","FATCACOUNTRY"
1713,"FATCACOUNTRY","Grenada","GD","FATCACOUNTRY"
1714,"FATCACOUNTRY","Guadeloupe","GP","FATCACOUNTRY"
1715,"FATCACOUNTRY","Guam","GU","FATCACOUNTRY"
1716,"FATCACOUNTRY","Guatemala","GT","FATCACOUNTRY"
1717,"FATCACOUNTRY","Guernsey","GG","FATCACOUNTRY"
1718,"FATCACOUNTRY","Guinea","GN","FATCACOUNTRY"
1719,"FATCACOUNTRY","Guinea-Bissau","GW","FATCACOUNTRY"
1720,"FATCACOUNTRY","Guyana","GY","FATCACOUNTRY"
1721,"FATCACOUNTRY","Haiti","HT","FATCACOUNTRY"
1722,"FATCACOUNTRY","Heard Island and McDonald Islands","HM","FATCACOUNTRY"
1723,"FATCACOUNTRY","Holy See","VA","FATCACOUNTRY"
1724,"FATCACOUNTRY","Honduras","HN","FATCACOUNTRY"
1725,"FATCACOUNTRY","Hong Kong","HK","FATCACOUNTRY"
1726,"FATCACOUNTRY","Hungary","HU","FATCACOUNTRY"
1727,"FATCACOUNTRY","Iceland","IS","FATCACOUNTRY"
1728,"FATCACOUNTRY","India","IN","FATCACOUNTRY"
1729,"FATCACOUNTRY","Indonesia","ID","FATCACOUNTRY"
1730,"FATCACOUNTRY","Iran","IR","FATCACOUNTRY"
1731,"FATCACOUNTRY","Iraq","IQ","FATCACOUNTRY"
1732,"FATCACOUNTRY","Ireland","IE","FATCACOUNTRY"
1733,"FATCACOUNTRY","Isle of Man","IM","FATCACOUNTRY"
1734,"FATCACOUNTRY","Israel","IL","FATCACOUNTRY"
1735,"FATCACOUNTRY","Italy","IT","FATCACOUNTRY"
1736,"FATCACOUNTRY","Jamaica","JM","FATCACOUNTRY"
1737,"FATCACOUNTRY","Japan","JP","FATCACOUNTRY"
1738,"FATCACOUNTRY","Jersey","JE","FATCACOUNTRY"
1739,"FATCACOUNTRY","Jordan","JO","FATCACOUNTRY"
1740,"FATCACOUNTRY","Kazakhstan","KZ","FATCACOUNTRY"
1741,"FATCACOUNTRY","Kenya","KE","FATCACOUNTRY"
1742,"FATCACOUNTRY","Kiribati","KI","FATCACOUNTRY"
1744,"FATCACOUNTRY","Kyrgyzstan","KG","FATCACOUNTRY"
1745,"FATCACOUNTRY","Lao Peoples Democratic Republic","LA","FATCACOUNTRY"
1746,"FATCACOUNTRY","Latvia","LV","FATCACOUNTRY"
1747,"FATCACOUNTRY","Lebanon","LB","FATCACOUNTRY"
1748,"FATCACOUNTRY","Lesotho","LS","FATCACOUNTRY"
1673,"FATCACOUNTRY","Cocos (Keeling) Islands","CC","FATCACOUNTRY"
1801,"FATCACOUNTRY","Puerto Rico","PR","FATCACOUNTRY"
1802,"FATCACOUNTRY","Qatar","QA","FATCACOUNTRY"
1803,"FATCACOUNTRY","Reunion","RE","FATCACOUNTRY"
1804,"FATCACOUNTRY","Romania","RO","FATCACOUNTRY"
1805,"FATCACOUNTRY","Russian Federation","RU","FATCACOUNTRY"
1806,"FATCACOUNTRY","Rwanda","RW","FATCACOUNTRY"
1807,"FATCACOUNTRY","Saint Barthelemy","BL","FATCACOUNTRY"
1808,"FATCACOUNTRY","Saint Helena","SH","FATCACOUNTRY"
1809,"FATCACOUNTRY","Saint Kitts and Nevis","KN","FATCACOUNTRY"
1810,"FATCACOUNTRY","Saint Lucia","LC","FATCACOUNTRY"
1811,"FATCACOUNTRY","Saint Martin","MF","FATCACOUNTRY"
1812,"FATCACOUNTRY","Saint Pierre and Miquelon","PM","FATCACOUNTRY"
1813,"FATCACOUNTRY","Saint Vincent and the Grenadines","VC","FATCACOUNTRY"
1814,"FATCACOUNTRY","Samoa","WS","FATCACOUNTRY"
1815,"FATCACOUNTRY","San Marino","SM","FATCACOUNTRY"
1816,"FATCACOUNTRY","Sao Tome and Principe","ST","FATCACOUNTRY"
1817,"FATCACOUNTRY","Saudi Arabia","SA","FATCACOUNTRY"
1818,"FATCACOUNTRY","Senegal","SN","FATCACOUNTRY"
1819,"FATCACOUNTRY","Serbia","RS","FATCACOUNTRY"
1820,"FATCACOUNTRY","Seychelles","SC","FATCACOUNTRY"
1821,"FATCACOUNTRY","Sierra Leone","SL","FATCACOUNTRY"
1822,"FATCACOUNTRY","Singapore","SG","FATCACOUNTRY"
1823,"FATCACOUNTRY","Sint Maarten","SX","FATCACOUNTRY"
1824,"FATCACOUNTRY","Slovakia","SK","FATCACOUNTRY"
1825,"FATCACOUNTRY","Slovenia","SI","FATCACOUNTRY"
1826,"FATCACOUNTRY","Solomon Islands","SB","FATCACOUNTRY"
1827,"FATCACOUNTRY","Somalia","SO","FATCACOUNTRY"
1828,"FATCACOUNTRY"," South Africa","ZA","FATCACOUNTRY"
1829,"FATCACOUNTRY","South Georgia and the South Sandwich Islands","GS","FATCACOUNTRY"
1830,"FATCACOUNTRY","South Sudan","SS","FATCACOUNTRY"
1831,"FATCACOUNTRY","Spain","ES","FATCACOUNTRY"
1832,"FATCACOUNTRY","Sri Lanka","LK","FATCACOUNTRY"
1833,"FATCACOUNTRY","Sudan","SD","FATCACOUNTRY"
1834,"FATCACOUNTRY","Suriname","SR","FATCACOUNTRY"
1835,"FATCACOUNTRY","Svalbard","SJ","FATCACOUNTRY"
1836,"FATCACOUNTRY","Sweden","SE","FATCACOUNTRY"
1837,"FATCACOUNTRY","Switzerland","CH","FATCACOUNTRY"
1838,"FATCACOUNTRY","Syrian Arab Republic","SY","FATCACOUNTRY"
1839,"FATCACOUNTRY","Taiwan","TW","FATCACOUNTRY"
1840,"FATCACOUNTRY","Tajikistan","TJ","FATCACOUNTRY"
1841,"FATCACOUNTRY","Tanzania the United Republic","TZ","FATCACOUNTRY"
1842,"FATCACOUNTRY","Thailand","TH","FATCACOUNTRY"
1843,"FATCACOUNTRY","Timor-Leste","TL","FATCACOUNTRY"
1844,"FATCACOUNTRY","Togo","TG","FATCACOUNTRY"
1845,"FATCACOUNTRY","Tokelau","TK","FATCACOUNTRY"
1846,"FATCACOUNTRY","Tonga","TO","FATCACOUNTRY"
1847,"FATCACOUNTRY","Trinidad and Tobago","TT","FATCACOUNTRY"
1848,"FATCACOUNTRY","Tunisia","TN","FATCACOUNTRY"
1849,"FATCACOUNTRY","Turkiye","TR","FATCACOUNTRY"
1850,"FATCACOUNTRY","Turkmenistan","TM","FATCACOUNTRY"
1851,"FATCACOUNTRY","Turks and Caicos Islands","TC","FATCACOUNTRY"
1852,"FATCACOUNTRY","Tuvalu","TV","FATCACOUNTRY"
1853,"FATCACOUNTRY","Uganda","UG","FATCACOUNTRY"
1854,"FATCACOUNTRY","Ukraine","UA","FATCACOUNTRY"
1855,"FATCACOUNTRY","United Arab Emirates","AE","FATCACOUNTRY"
1856,"FATCACOUNTRY","United Kingdom of Great Britain and Northern Ireland","GB","FATCACOUNTRY"
1857,"FATCACOUNTRY","United States Minor Outlying Islands","UM","FATCACOUNTRY"
1858,"FATCACOUNTRY","United States of America","US","FATCACOUNTRY"
1859,"FATCACOUNTRY","Uruguay","UY","FATCACOUNTRY"
1860,"FATCACOUNTRY","Uzbekistan","UZ","FATCACOUNTRY"
1861,"FATCACOUNTRY","Vanuatu","VU","FATCACOUNTRY"
1862,"FATCACOUNTRY","Venezuela","VE","FATCACOUNTRY"
1863,"FATCACOUNTRY","Viet Nam","VN","FATCACOUNTRY"
1864,"FATCACOUNTRY","Virgin Islands","VG","FATCACOUNTRY"
1865,"FATCACOUNTRY","Virgin Islands","VI","FATCACOUNTRY"
1866,"FATCACOUNTRY","Wallis and Futuna","WF","FATCACOUNTRY"
1867,"FATCACOUNTRY","Western Sahara","EH","FATCACOUNTRY"
1868,"FATCACOUNTRY","Yemen","YE","FATCACOUNTRY"
1869,"FATCACOUNTRY","Zambia","ZM","FATCACOUNTRY"
1870,"FATCACOUNTRY","Zimbabwe","ZW","FATCACOUNTRY"
1743,"FATCACOUNTRY","Kuwait","KW","FATCACOUNTRY"
1871,"OKRARESPROOF","Passport","01","OKRARESPROOF"
1872,"OKRARESPROOF","PIO Card","02","OKRARESPROOF"
1873,"OKRARESPROOF","OCI Card","03","OKRARESPROOF"
342,"SFTPMIMAPPINGS_1","KRA_AASPL9","A3684","SFTPMIMAPPINGS_1"
343,"SFTPMIMAPPINGS_1","KRA_NJIIPL_AMITA","P5799","SFTPMIMAPPINGS_1"
345,"SFTPMIMAPPINGS_1","Test1","A0639","SFTPMIMAPPINGS_1"
361,"SFTPMIMAPPINGS_1","P3708","P3708","SFTPMIMAPPINGS_1"
363,"SFTPMIMAPPINGS_1","A1294","A1294","SFTPMIMAPPINGS_1"
364,"SFTPMIMAPPINGS_1","P2057","P2057","SFTPMIMAPPINGS_1"
365,"SFTPMIMAPPINGS_1","P5481","P5481","SFTPMIMAPPINGS_1"
366,"SFTPMIMAPPINGS_1","A1283","A1283","SFTPMIMAPPINGS_1"
1570,"SFTPMIMAPPINGS_1","P2193","P2193","SFTPMIMAPPINGS_1"
1571,"SFTPMIMAPPINGS_1","P0578","P0578","SFTPMIMAPPINGS_1"
1573,"SFTPMIMAPPINGS_1","P2057_INSTIGO","P2057","SFTPMIMAPPINGS_1"
1604,"SFTPMIMAPPINGS_1","KRA_P7508_INSTIGO","P7508","SFTPMIMAPPINGS_1"
341,"SFTPMIMAPPINGS_1","P6927","P6927","SFTPMIMAPPINGS_1"
1572,"SFTPMIMAPPINGS_1","KRA_ABL","P6927","SFTPMIMAPPINGS_1"
1606,"SFTPMIMAPPINGS_1","A1067","A1067","SFTPMIMAPPINGS_1"
1874,"FUNCTIONIDTYPE","Fatca Upload","829","FUNCTIONIDTYPE"
